,id,Gender,Lenght,Diameter,Height,Whole Weight,Shucked Weight,Viscra Weight,Shell Weight,Target
1154,1155,M,0.57,0.48,0.18,0.9395,0.399,0.2,0.295,14
830,831,M,0.56,0.425,0.135,0.9415,0.509,0.2015,0.1975,9
1162,1163,F,0.655,0.51,0.15,1.043,0.4795,0.223,0.305,9
599,600,I,0.31,0.225,0.05,0.1445,0.0675,0.0385,0.045,6
1058,1059,M,0.31,0.225,0.075,0.1295,0.0455,0.0335,0.044,9
220,221,F,0.565,0.4,0.13,0.6975,0.3075,0.1665,0.18,8
923,924,I,0.525,0.4,0.145,0.6095,0.248,0.159,0.175,9
790,791,M,0.655,0.515,0.2,1.373,0.443,0.3375,0.49,16
485,486,F,0.645,0.51,0.18,1.6195,0.7815,0.322,0.4675,12
237,238,I,0.37,0.28,0.085,0.198,0.0805,0.0455,0.058,5
757,758,M,0.475,0.37,0.125,0.655,0.266,0.1725,0.185,10
532,533,I,0.565,0.44,0.175,0.8735,0.414,0.21,0.21,11
58,59,I,0.515,0.35,0.105,0.4745,0.213,0.123,0.1275,10
139,140,F,0.67,0.54,0.195,1.619,0.74,0.3305,0.465,11
190,191,F,0.33,0.26,0.08,0.2,0.0625,0.05,0.07,9
732,733,I,0.32,0.205,0.08,0.181,0.088,0.034,0.0495,5
633,634,F,0.57,0.45,0.17,1.098,0.414,0.187,0.405,20
1084,1085,F,0.65,0.545,0.23,1.752,0.5605,0.2895,0.815,16
479,480,M,0.665,0.525,0.155,1.3575,0.5325,0.3045,0.4485,10
290,291,F,0.48,0.38,0.145,0.59,0.232,0.141,0.23,12
678,679,M,0.585,0.455,0.14,0.97,0.462,0.185,0.295,9
798,799,M,0.655,0.59,0.2,1.5455,0.654,0.3765,0.415,11
266,267,M,0.57,0.46,0.15,1.0375,0.5415,0.2035,0.25,9
371,372,F,0.575,0.465,0.14,0.958,0.442,0.1815,0.2705,9
943,944,M,0.57,0.455,0.15,0.952,0.3895,0.2155,0.2745,9
1065,1066,I,0.265,0.21,0.06,0.0965,0.0425,0.022,0.03,5
1201,1202,I,0.44,0.365,0.11,0.4465,0.213,0.089,0.1135,9
1171,1172,M,0.585,0.47,0.165,1.409,0.8,0.229,0.295,10
1235,1236,I,0.41,0.3,0.09,0.28,0.141,0.0575,0.075,8
217,218,F,0.71,0.555,0.17,1.47,0.5375,0.38,0.431,12
785,786,M,0.525,0.41,0.13,0.6875,0.3435,0.1495,0.1765,9
619,620,F,0.57,0.44,0.12,0.803,0.382,0.1525,0.234,9
99,100,F,0.64,0.51,0.2,1.3905,0.61,0.3315,0.41,12
1116,1117,M,0.655,0.52,0.17,1.1445,0.53,0.223,0.348,9
467,468,I,0.35,0.25,0.075,0.1695,0.0835,0.0355,0.041,6
70,71,M,0.55,0.42,0.17,0.8465,0.336,0.2405,0.245,13
268,269,F,0.495,0.37,0.12,0.594,0.28,0.11,0.1375,7
21,22,F,0.425,0.325,0.135,0.382,0.1465,0.079,0.14,12
14,15,M,0.645,0.5,0.19,1.5595,0.741,0.3715,0.3845,14
382,383,I,0.455,0.33,0.1,0.372,0.358,0.0775,0.11,8
418,419,I,0.41,0.33,0.105,0.335,0.1525,0.074,0.11,7
937,938,F,0.61,0.46,0.145,1.1185,0.478,0.2945,0.2985,10
1097,1098,M,0.42,0.34,0.115,0.4215,0.175,0.093,0.135,8
344,345,F,0.325,0.26,0.09,0.1915,0.085,0.036,0.062,7
1100,1101,M,0.635,0.52,0.175,1.292,0.6,0.269,0.367,11
459,460,M,0.565,0.415,0.125,0.667,0.302,0.1545,0.185,7
963,964,F,0.53,0.42,0.14,0.627,0.2905,0.1165,0.183,8
721,722,F,0.58,0.46,0.18,1.0515,0.4095,0.2595,0.276,8
101,102,F,0.635,0.495,0.18,1.596,0.617,0.317,0.37,11
1086,1087,I,0.275,0.2,0.065,0.092,0.0385,0.0235,0.027,5
744,745,I,0.59,0.45,0.145,1.022,0.428,0.268,0.265,10
120,121,I,0.39,0.3,0.1,0.3085,0.1385,0.0735,0.085,6
618,619,I,0.53,0.4,0.125,0.617,0.279,0.127,0.19,8
978,979,F,0.515,0.415,0.14,0.6935,0.3115,0.152,0.2,10
273,274,M,0.605,0.475,0.145,0.884,0.3835,0.1905,0.27,8
2,3,I,0.58,0.49,0.195,1.3165,0.5305,0.254,0.41,18
715,716,F,0.625,0.5,0.175,1.273,0.564,0.302,0.374,9
629,630,M,0.655,0.54,0.215,1.844,0.7425,0.327,0.585,22
341,342,M,0.425,0.325,0.1,0.3295,0.1365,0.0725,0.11,7
476,477,M,0.445,0.345,0.14,0.476,0.2055,0.1015,0.1085,15
1098,1099,F,0.4,0.32,0.11,0.353,0.1405,0.0985,0.1,8
911,912,I,0.35,0.25,0.07,0.1605,0.0715,0.0335,0.046,6
1126,1127,I,0.395,0.295,0.09,0.3025,0.143,0.0665,0.0765,5
919,920,F,0.475,0.36,0.12,0.5915,0.3245,0.11,0.127,6
502,503,F,0.55,0.47,0.15,0.9205,0.381,0.2435,0.2675,10
699,700,M,0.48,0.37,0.1,0.5135,0.243,0.1015,0.135,8
928,929,M,0.52,0.395,0.125,0.8115,0.4035,0.166,0.2,7
700,701,I,0.19,0.13,0.045,0.0265,0.009,0.005,0.009,5
843,844,I,0.36,0.275,0.085,0.1975,0.0745,0.0415,0.07,9
913,914,F,0.62,0.51,0.205,1.3475,0.4775,0.2565,0.48,14
248,249,F,0.45,0.365,0.115,0.5885,0.318,0.121,0.1325,8
814,815,M,0.72,0.58,0.19,2.0885,0.9955,0.478,0.5305,13
967,968,M,0.55,0.44,0.16,0.985,0.4645,0.201,0.27,8
997,998,I,0.53,0.4,0.145,0.555,0.1935,0.1305,0.195,9
23,24,I,0.4,0.265,0.1,0.2775,0.1245,0.0605,0.08,9
761,762,F,0.5,0.38,0.155,0.655,0.2405,0.143,0.205,17
847,848,I,0.23,0.165,0.06,0.0515,0.019,0.0145,0.036,4
789,790,F,0.495,0.41,0.125,0.7555,0.3355,0.129,0.214,9
647,648,I,0.47,0.35,0.125,0.4315,0.19,0.1165,0.1175,6
679,680,I,0.53,0.415,0.13,0.694,0.3905,0.111,0.167,9
503,504,F,0.64,0.49,0.18,1.36,0.653,0.347,0.305,9
1150,1151,I,0.35,0.255,0.09,0.1785,0.0855,0.0305,0.0525,8
538,539,F,0.58,0.45,0.17,0.9705,0.4615,0.232,0.248,9
799,800,M,0.46,0.355,0.11,0.415,0.215,0.082,0.13,12
192,193,I,0.61,0.475,0.17,1.0385,0.4435,0.241,0.32,14
509,510,F,0.575,0.48,0.17,1.1,0.506,0.2485,0.31,10
261,262,I,0.285,0.21,0.07,0.109,0.044,0.0265,0.033,5
232,233,F,0.43,0.35,0.09,0.397,0.1575,0.089,0.12,9
348,349,I,0.36,0.27,0.085,0.2185,0.1065,0.038,0.062,6
714,715,F,0.41,0.305,0.1,0.363,0.1735,0.065,0.11,11
300,301,F,0.375,0.27,0.135,0.597,0.272,0.131,0.1675,7
580,581,F,0.525,0.425,0.16,0.8355,0.3545,0.2135,0.245,9
335,336,I,0.415,0.32,0.11,0.3735,0.175,0.0755,0.109,7
469,470,M,0.58,0.46,0.165,1.2275,0.473,0.1965,0.435,16
821,822,M,0.51,0.405,0.15,0.7035,0.347,0.134,0.1885,8
265,266,F,0.6,0.5,0.17,1.13,0.4405,0.267,0.335,11
1037,1038,M,0.56,0.45,0.145,0.9355,0.425,0.1645,0.2725,11
1010,1011,M,0.625,0.47,0.15,1.124,0.556,0.2315,0.287,9
1218,1219,M,0.445,0.355,0.11,0.4415,0.1805,0.1035,0.1505,10
397,398,F,0.29,0.21,0.075,0.275,0.113,0.0675,0.035,6
41,42,F,0.635,0.49,0.175,1.2435,0.5805,0.313,0.305,10
1191,1192,I,0.55,0.435,0.14,0.7535,0.3285,0.1555,0.2325,10
1070,1071,F,0.455,0.35,0.14,0.5185,0.221,0.1265,0.135,10
295,296,M,0.67,0.505,0.16,1.2585,0.6255,0.311,0.308,12
1241,1242,M,0.675,0.525,0.16,1.2835,0.572,0.2755,0.3545,13
632,633,F,0.53,0.42,0.17,0.828,0.41,0.208,0.1505,6
189,190,M,0.47,0.36,0.135,0.501,0.1665,0.115,0.165,10
91,92,M,0.5,0.385,0.135,0.6425,0.3195,0.129,0.1535,7
953,954,M,0.28,0.2,0.08,0.0915,0.033,0.0215,0.03,5
754,755,F,0.59,0.415,0.15,0.8805,0.3645,0.234,0.235,11
610,611,I,0.21,0.15,0.055,0.0465,0.017,0.012,0.015,5
1000,1001,M,0.6,0.46,0.18,1.14,0.423,0.2575,0.365,10
1028,1029,M,0.645,0.515,0.16,1.1845,0.506,0.311,0.335,9
181,182,F,0.54,0.475,0.155,1.217,0.5305,0.3075,0.34,16
1008,1009,F,0.645,0.485,0.15,1.151,0.5935,0.2315,0.293,12
771,772,M,0.57,0.47,0.155,1.186,0.6355,0.2315,0.277,10
1005,1006,F,0.63,0.505,0.195,1.306,0.516,0.3305,0.375,9
218,219,I,0.395,0.295,0.095,0.2725,0.115,0.0625,0.085,8
358,359,M,0.585,0.45,0.18,0.7995,0.336,0.1855,0.237,8
159,160,I,0.36,0.265,0.085,0.1865,0.0675,0.037,0.0615,7
246,247,M,0.625,0.49,0.165,1.1165,0.4895,0.2615,0.3325,11
426,427,M,0.655,0.53,0.195,1.388,0.567,0.2735,0.41,13
739,740,M,0.44,0.34,0.105,0.402,0.1305,0.0955,0.165,10
498,499,I,0.355,0.27,0.1,0.2255,0.11,0.042,0.064,7
305,306,I,0.5,0.375,0.125,0.5695,0.259,0.124,0.157,7
427,428,M,0.625,0.49,0.165,1.205,0.5175,0.3105,0.3465,10
638,639,M,0.56,0.43,0.155,0.8675,0.4,0.172,0.229,8
657,658,F,0.51,0.375,0.11,0.5805,0.2865,0.118,0.148,7
1188,1189,M,0.47,0.375,0.13,0.523,0.214,0.132,0.145,8
894,895,M,0.605,0.475,0.18,0.9365,0.394,0.219,0.295,15
1023,1024,I,0.375,0.28,0.085,0.2145,0.0855,0.0485,0.072,7
827,828,I,0.46,0.37,0.11,0.3965,0.1485,0.0855,0.1455,8
849,850,F,0.71,0.575,0.175,1.555,0.6465,0.3705,0.52,15
1187,1188,M,0.42,0.34,0.125,0.4495,0.165,0.1125,0.144,11
583,584,F,0.63,0.505,0.165,1.065,0.4595,0.216,0.315,12
11,12,I,0.44,0.34,0.1,0.379,0.1725,0.0815,0.101,7
501,502,I,0.545,0.375,0.12,0.543,0.2375,0.1155,0.1725,8
577,578,I,0.245,0.175,0.055,0.0785,0.04,0.018,0.02,5
234,235,I,0.355,0.28,0.11,0.2235,0.0815,0.0525,0.08,7
464,465,M,0.525,0.4,0.14,0.7205,0.3685,0.145,0.1735,8
708,709,M,0.69,0.55,0.195,1.777,0.769,0.38,0.4305,11
529,530,F,0.685,0.525,0.175,1.71,0.5415,0.309,0.58,16
450,451,M,0.505,0.4,0.135,0.723,0.377,0.149,0.178,7
57,58,F,0.615,0.475,0.145,0.9525,0.3915,0.195,0.32,9
616,617,M,0.66,0.51,0.165,1.6375,0.7685,0.3545,0.3925,14
605,606,F,0.57,0.495,0.16,1.0915,0.452,0.275,0.315,14
323,324,I,0.345,0.255,0.085,0.2005,0.105,0.037,0.05,5
528,529,M,0.43,0.335,0.115,0.406,0.166,0.0935,0.135,8
558,559,I,0.32,0.235,0.065,0.1385,0.058,0.0225,0.05,5
440,441,F,0.625,0.495,0.16,1.234,0.6335,0.192,0.35,13
439,440,M,0.55,0.435,0.11,0.806,0.3415,0.203,0.215,9
745,746,F,0.73,0.57,0.165,2.0165,1.0685,0.418,0.435,10
760,761,M,0.27,0.2,0.08,0.1205,0.0465,0.028,0.04,6
354,355,I,0.54,0.415,0.135,0.709,0.3195,0.174,0.185,9
413,414,F,0.695,0.535,0.175,1.8385,0.8035,0.396,0.503,10
889,890,I,0.425,0.34,0.1,0.371,0.15,0.0865,0.115,8
844,845,F,0.75,0.57,0.21,2.236,1.109,0.5195,0.545,11
942,943,F,0.395,0.315,0.105,0.3515,0.1185,0.091,0.1195,16
1161,1162,M,0.57,0.46,0.17,0.9035,0.4075,0.1935,0.214,7
488,489,I,0.29,0.21,0.06,0.1195,0.056,0.0235,0.03,6
436,437,I,0.425,0.31,0.095,0.3075,0.139,0.0745,0.093,7
1204,1205,I,0.44,0.345,0.1,0.366,0.122,0.0905,0.12,13
1050,1051,F,0.59,0.465,0.15,1.151,0.613,0.239,0.2515,9
162,163,M,0.62,0.465,0.145,0.911,0.375,0.2145,0.278,10
374,375,I,0.36,0.275,0.095,0.217,0.084,0.0435,0.09,7
127,128,M,0.595,0.455,0.15,1.044,0.518,0.2205,0.27,9
652,653,M,0.635,0.48,0.19,1.467,0.5825,0.303,0.42,15
596,597,M,0.58,0.47,0.165,0.927,0.3215,0.1985,0.315,11
846,847,F,0.715,0.525,0.185,1.56,0.6655,0.383,0.405,11
670,671,F,0.6,0.47,0.2,1.031,0.392,0.2035,0.29,15
215,216,M,0.515,0.395,0.12,0.646,0.285,0.1365,0.172,9
834,835,M,0.7,0.58,0.205,2.13,0.7415,0.49,0.58,20
1252,1253,F,0.75,0.55,0.195,1.8325,0.83,0.366,0.44,11
898,899,M,0.285,0.215,0.075,0.106,0.0415,0.023,0.035,5
66,67,M,0.62,0.46,0.16,0.9505,0.4915,0.2,0.228,9
401,402,F,0.61,0.475,0.15,1.1135,0.5195,0.2575,0.3005,11
880,881,M,0.565,0.44,0.175,0.9025,0.31,0.193,0.325,14
1148,1149,M,0.6,0.475,0.15,1.089,0.5195,0.223,0.292,11
1016,1017,M,0.525,0.415,0.145,0.845,0.3525,0.1635,0.2875,8
1101,1102,F,0.46,0.365,0.115,0.4485,0.165,0.083,0.17,14
909,910,I,0.625,0.47,0.155,1.1955,0.643,0.2055,0.3145,12
254,255,I,0.465,0.345,0.11,0.4415,0.1755,0.0905,0.12,7
957,958,M,0.58,0.47,0.165,0.9975,0.3935,0.242,0.33,10
685,686,M,0.575,0.44,0.16,0.9615,0.483,0.166,0.275,13
227,228,M,0.545,0.45,0.15,0.978,0.3365,0.1905,0.3,11
1166,1167,M,0.7,0.545,0.185,1.6135,0.75,0.4035,0.3685,11
689,690,M,0.58,0.49,0.13,1.1335,0.586,0.2565,0.237,9
443,444,F,0.705,0.56,0.17,1.4575,0.607,0.318,0.44,11
696,697,F,0.555,0.425,0.14,0.963,0.44,0.224,0.24,7
496,497,M,0.35,0.265,0.09,0.197,0.073,0.0365,0.077,7
272,273,M,0.33,0.215,0.075,0.1145,0.045,0.0265,0.035,6
1046,1047,I,0.41,0.3,0.115,0.2595,0.097,0.0515,0.08,10
1096,1097,F,0.5,0.405,0.14,0.6735,0.265,0.124,0.25,18
169,170,M,0.395,0.295,0.115,0.316,0.1205,0.0595,0.1105,12
49,50,M,0.535,0.42,0.15,0.6995,0.2575,0.153,0.24,12
360,361,F,0.64,0.5,0.15,1.0705,0.371,0.2705,0.36,8
635,636,F,0.425,0.345,0.11,0.3665,0.125,0.081,0.117,11
213,214,F,0.575,0.43,0.155,0.7955,0.3485,0.1925,0.22,9
381,382,M,0.645,0.515,0.24,1.5415,0.471,0.369,0.535,13
665,666,F,0.61,0.47,0.165,1.1785,0.566,0.2785,0.294,11
517,518,M,0.495,0.4,0.14,0.7775,0.2015,0.18,0.25,15
770,771,M,0.475,0.37,0.125,0.649,0.347,0.136,0.142,8
178,179,I,0.37,0.29,0.095,0.249,0.1045,0.058,0.067,6
1038,1039,M,0.59,0.45,0.185,1.283,0.473,0.276,0.425,16
331,332,F,0.685,0.545,0.18,1.768,0.7495,0.392,0.485,16
394,395,M,0.58,0.43,0.125,0.9115,0.446,0.2075,0.121,10
197,198,I,0.545,0.425,0.14,0.8145,0.305,0.231,0.244,10
1229,1230,F,0.53,0.405,0.13,0.6355,0.2635,0.1565,0.185,9
324,325,I,0.42,0.33,0.1,0.352,0.1635,0.089,0.1,9
527,528,I,0.405,0.3,0.105,0.304,0.1455,0.061,0.0805,6
662,663,F,0.58,0.465,0.165,1.1015,0.404,0.2095,0.35,11
970,971,F,0.575,0.46,0.16,1.103,0.538,0.221,0.249,9
1232,1233,I,0.435,0.335,0.095,0.298,0.109,0.058,0.115,7
33,34,M,0.635,0.51,0.21,1.598,0.6535,0.2835,0.58,15
203,204,F,0.605,0.515,0.17,1.289,0.6,0.2945,0.3315,9
252,253,I,0.575,0.45,0.135,0.8715,0.45,0.162,0.225,10
848,849,F,0.605,0.495,0.19,1.437,0.469,0.2655,0.41,15
43,44,M,0.63,0.51,0.23,1.539,0.5635,0.2815,0.57,17
985,986,F,0.67,0.545,0.175,1.707,0.6995,0.387,0.575,13
857,858,F,0.475,0.38,0.145,0.57,0.167,0.118,0.187,11
958,959,M,0.62,0.475,0.195,1.3585,0.5935,0.3365,0.3745,10
313,314,I,0.445,0.325,0.1,0.378,0.1795,0.1,0.089,7
903,904,M,0.605,0.47,0.16,1.1735,0.4975,0.2405,0.345,12
93,94,M,0.56,0.425,0.135,0.849,0.3265,0.221,0.2645,10
816,817,M,0.68,0.54,0.19,1.623,0.7165,0.354,0.4715,12
438,439,F,0.47,0.355,0.1,0.4755,0.1675,0.0805,0.185,10
493,494,I,0.45,0.35,0.135,0.494,0.2205,0.0945,0.1405,7
412,413,I,0.555,0.43,0.15,0.783,0.345,0.1755,0.247,9
948,949,M,0.415,0.31,0.09,0.3245,0.1305,0.0735,0.115,8
574,575,I,0.515,0.385,0.125,0.572,0.237,0.1435,0.165,7
1207,1208,M,0.355,0.26,0.085,0.1905,0.081,0.0485,0.055,6
615,616,M,0.65,0.515,0.175,1.4805,0.5295,0.272,0.525,20
1159,1160,M,0.46,0.36,0.135,0.6105,0.1955,0.107,0.235,14
359,360,M,0.62,0.5,0.165,1.307,0.6355,0.2545,0.315,9
862,863,M,0.61,0.49,0.16,1.112,0.465,0.228,0.341,10
783,784,M,0.595,0.465,0.15,0.919,0.4335,0.1765,0.262,9
463,464,I,0.11,0.09,0.03,0.008,0.0025,0.002,0.003,3
663,664,I,0.485,0.415,0.14,0.5705,0.25,0.134,0.185,8
132,133,M,0.56,0.45,0.14,0.9,0.472,0.182,0.218,7
1122,1123,F,0.65,0.51,0.185,1.375,0.531,0.384,0.3985,10
932,933,I,0.49,0.375,0.115,0.4615,0.204,0.0945,0.143,8
1075,1076,I,0.38,0.29,0.1,0.237,0.108,0.0395,0.082,6
353,354,M,0.59,0.485,0.155,1.0785,0.4535,0.2435,0.31,9
750,751,F,0.525,0.41,0.135,0.7085,0.293,0.1525,0.235,11
107,108,F,0.595,0.465,0.145,1.107,0.402,0.2415,0.31,12
137,138,I,0.435,0.325,0.105,0.335,0.136,0.065,0.115,8
77,78,F,0.7,0.525,0.19,1.6465,0.8545,0.307,0.3995,9
1165,1166,M,0.605,0.475,0.175,1.2525,0.5575,0.3055,0.343,9
774,775,F,0.68,0.51,0.2,1.6075,0.714,0.339,0.4705,11
302,303,F,0.43,0.335,0.12,0.444,0.155,0.1145,0.14,13
1238,1239,M,0.425,0.34,0.12,0.388,0.149,0.087,0.125,10
608,609,F,0.545,0.41,0.115,0.6765,0.29,0.158,0.22,9
113,114,F,0.6,0.475,0.135,1.4405,0.5885,0.191,0.3175,9
1088,1089,M,0.69,0.54,0.185,1.71,0.7725,0.3855,0.4325,8
1145,1146,F,0.59,0.475,0.155,0.9715,0.371,0.235,0.28,11
1061,1062,I,0.54,0.435,0.145,0.97,0.4285,0.22,0.264,17
669,670,M,0.455,0.355,0.135,0.4745,0.1865,0.0935,0.168,13
758,759,M,0.315,0.25,0.09,0.203,0.0615,0.037,0.0795,11
612,613,M,0.67,0.525,0.165,1.6085,0.682,0.3145,0.4005,11
586,587,M,0.455,0.35,0.105,0.401,0.1575,0.083,0.135,9
901,902,F,0.6,0.465,0.16,1.133,0.466,0.2885,0.298,11
959,960,M,0.56,0.45,0.175,1.011,0.3835,0.2065,0.37,15
1175,1176,I,0.4,0.295,0.095,0.252,0.1105,0.0575,0.066,6
1033,1034,I,0.235,0.18,0.06,0.058,0.022,0.0145,0.018,6
376,377,I,0.33,0.255,0.085,0.1655,0.063,0.039,0.06,8
769,770,F,0.665,0.51,0.175,1.3805,0.675,0.2985,0.325,10
88,89,F,0.485,0.365,0.15,0.9145,0.4145,0.199,0.273,7
391,392,I,0.42,0.325,0.1,0.368,0.1675,0.0625,0.1135,11
677,678,F,0.515,0.405,0.12,0.646,0.2895,0.1405,0.177,10
198,199,F,0.48,0.38,0.135,0.507,0.1915,0.1365,0.155,12
945,946,I,0.585,0.46,0.14,0.7635,0.326,0.153,0.265,9
617,618,M,0.555,0.44,0.15,1.092,0.416,0.212,0.4405,15
216,217,M,0.675,0.555,0.2,1.4385,0.545,0.2665,0.465,21
1189,1190,I,0.43,0.325,0.105,0.309,0.119,0.08,0.098,6
1203,1204,I,0.235,0.16,0.04,0.048,0.0185,0.018,0.015,5
1196,1197,F,0.37,0.285,0.105,0.27,0.1125,0.0585,0.0835,9
772,773,I,0.44,0.335,0.11,0.3885,0.175,0.0835,0.111,7
45,46,M,0.695,0.55,0.195,1.6645,0.727,0.36,0.445,11
161,162,M,0.515,0.405,0.13,0.722,0.32,0.131,0.21,10
1121,1122,F,0.57,0.47,0.14,0.871,0.385,0.211,0.2315,10
255,256,I,0.16,0.12,0.035,0.021,0.0075,0.0045,0.005,5
560,561,I,0.38,0.285,0.09,0.2305,0.1005,0.039,0.0775,7
962,963,F,0.705,0.55,0.2,1.7095,0.633,0.4115,0.49,13
794,795,F,0.375,0.29,0.08,0.282,0.1405,0.0725,0.08,7
339,340,M,0.36,0.295,0.105,0.241,0.0865,0.053,0.095,8
743,744,M,0.68,0.54,0.155,1.534,0.671,0.379,0.384,10
815,816,M,0.595,0.475,0.14,0.944,0.3625,0.189,0.315,9
72,73,I,0.575,0.45,0.135,0.807,0.3615,0.176,0.254,10
226,227,M,0.495,0.38,0.12,0.474,0.197,0.1065,0.1545,10
386,387,I,0.52,0.415,0.14,0.6385,0.2945,0.1405,0.171,8
681,682,F,0.64,0.505,0.19,1.2355,0.4435,0.3105,0.365,14
1074,1075,M,0.53,0.405,0.125,0.6515,0.2715,0.1605,0.186,7
518,519,M,0.46,0.36,0.125,0.547,0.2165,0.1105,0.19,8
366,367,M,0.605,0.485,0.175,1.145,0.4325,0.27,0.405,16
570,571,F,0.605,0.485,0.16,1.201,0.417,0.2875,0.38,9
130,131,F,0.59,0.445,0.13,1.1325,0.3825,0.234,0.32,13
656,657,M,0.64,0.515,0.18,1.247,0.5475,0.2925,0.3685,10
581,582,I,0.55,0.435,0.165,0.804,0.34,0.194,0.244,8
563,564,I,0.3,0.22,0.065,0.1195,0.052,0.0155,0.035,5
930,931,M,0.63,0.53,0.175,1.4135,0.667,0.2945,0.3555,13
759,760,F,0.445,0.325,0.125,0.455,0.1785,0.1125,0.14,9
890,891,F,0.47,0.375,0.105,0.513,0.232,0.142,0.13,11
458,459,M,0.665,0.525,0.16,1.363,0.629,0.279,0.34,8
910,911,M,0.53,0.435,0.135,0.7365,0.3275,0.1315,0.22,12
644,645,M,0.495,0.395,0.12,0.553,0.224,0.1375,0.167,8
1139,1140,I,0.525,0.4,0.14,0.601,0.2625,0.1285,0.1835,9
887,888,I,0.27,0.195,0.07,0.102,0.045,0.0135,0.034,8
828,829,M,0.605,0.49,0.18,1.167,0.457,0.29,0.3745,9
1080,1081,F,0.525,0.405,0.16,0.658,0.2655,0.1125,0.225,12
747,748,I,0.47,0.345,0.115,0.4885,0.2005,0.108,0.166,11
506,507,M,0.715,0.525,0.2,1.89,0.95,0.436,0.4305,10
297,298,F,0.675,0.53,0.195,1.4985,0.62,0.375,0.425,9
253,254,M,0.57,0.42,0.14,0.8745,0.416,0.165,0.25,8
717,718,M,0.485,0.385,0.105,0.556,0.296,0.104,0.133,7
1025,1026,I,0.405,0.31,0.11,0.91,0.416,0.2075,0.0995,8
247,248,I,0.41,0.335,0.105,0.3305,0.1405,0.064,0.105,7
1192,1193,F,0.625,0.485,0.165,1.2255,0.5075,0.296,0.36,10
173,174,I,0.27,0.19,0.08,0.081,0.0265,0.0195,0.03,6
764,765,F,0.45,0.325,0.135,0.438,0.1805,0.1165,0.11,9
242,243,M,0.565,0.455,0.15,0.9595,0.4565,0.2395,0.23,9
329,330,F,0.615,0.475,0.155,1.004,0.4475,0.193,0.2895,10
687,688,F,0.63,0.495,0.19,1.1655,0.536,0.2115,0.1625,10
1140,1141,M,0.49,0.39,0.15,0.573,0.225,0.124,0.17,21
737,738,I,0.625,0.485,0.15,1.044,0.438,0.2865,0.278,9
740,741,I,0.455,0.345,0.105,0.4005,0.164,0.0755,0.126,8
1064,1065,M,0.72,0.6,0.235,2.2385,0.984,0.411,0.621,12
35,36,F,0.7,0.575,0.17,1.31,0.5095,0.314,0.42,14
955,956,I,0.285,0.215,0.06,0.0935,0.031,0.023,0.03,6
908,909,I,0.505,0.395,0.105,0.551,0.248,0.103,0.171,8
225,226,F,0.665,0.53,0.18,1.491,0.6345,0.342,0.435,10
260,261,F,0.725,0.6,0.2,1.737,0.697,0.3585,0.595,11
585,586,I,0.4,0.315,0.085,0.2675,0.116,0.0585,0.0765,6
97,98,M,0.51,0.39,0.135,0.769,0.3935,0.1455,0.19,8
940,941,F,0.64,0.5,0.18,1.4995,0.593,0.314,0.431,11
275,276,F,0.61,0.45,0.13,0.8725,0.389,0.1715,0.272,11
584,585,I,0.275,0.195,0.07,0.0875,0.0345,0.022,0.0255,4
208,209,I,0.51,0.405,0.125,0.6795,0.3465,0.1395,0.182,8
1242,1243,M,0.56,0.415,0.145,0.852,0.43,0.1885,0.205,8
103,104,M,0.525,0.395,0.13,0.7635,0.3375,0.1425,0.225,8
1210,1211,M,0.53,0.425,0.13,0.702,0.2975,0.1395,0.22,9
934,935,F,0.475,0.4,0.115,0.541,0.186,0.1025,0.21,13
179,180,I,0.215,0.155,0.06,0.0525,0.021,0.0165,0.015,5
800,801,F,0.615,0.495,0.165,1.198,0.5415,0.2865,0.3185,10
1019,1020,I,0.52,0.41,0.14,0.6625,0.2775,0.1555,0.196,11
916,917,F,0.7,0.555,0.22,1.666,0.647,0.4285,0.455,11
499,500,M,0.575,0.455,0.165,0.867,0.3765,0.1805,0.268,8
504,505,M,0.775,0.63,0.25,2.7795,1.3485,0.76,0.578,12
42,43,M,0.68,0.545,0.185,1.672,0.7075,0.364,0.48,11
654,655,F,0.73,0.58,0.19,1.7375,0.6785,0.4345,0.52,11
1202,1203,F,0.49,0.38,0.155,0.578,0.2395,0.1255,0.18,9
1182,1183,I,0.37,0.27,0.095,0.232,0.1325,0.041,0.0615,6
1067,1068,F,0.58,0.44,0.18,0.854,0.3665,0.1635,0.245,12
322,323,I,0.575,0.455,0.18,0.8525,0.3015,0.1825,0.3,13
441,442,F,0.56,0.43,0.145,0.898,0.3895,0.2325,0.245,9
950,951,F,0.595,0.475,0.165,1.148,0.444,0.214,0.37,10
256,257,F,0.61,0.48,0.19,1.2955,0.5215,0.3225,0.365,12
812,813,M,0.645,0.5,0.175,1.5105,0.6735,0.3755,0.3775,12
293,294,I,0.51,0.385,0.145,0.7665,0.3985,0.14,0.1805,8
490,491,I,0.335,0.245,0.09,0.1665,0.0595,0.04,0.06,6
94,95,I,0.505,0.38,0.12,0.594,0.2595,0.1435,0.18,7
487,488,M,0.59,0.465,0.135,0.9895,0.4235,0.199,0.28,8
1043,1044,M,0.5,0.375,0.13,0.721,0.3055,0.1725,0.22,14
698,699,F,0.625,0.515,0.18,1.3485,0.5255,0.252,0.3925,14
13,14,M,0.6,0.48,0.09,1.05,0.457,0.2685,0.28,8
489,490,M,0.455,0.345,0.125,0.44,0.169,0.1065,0.135,12
270,271,F,0.51,0.34,0.18,0.7005,0.312,0.165,0.2,11
996,997,M,0.65,0.505,0.19,1.274,0.59,0.23,0.391,11
1078,1079,I,0.275,0.205,0.07,0.1055,0.495,0.019,0.0315,5
780,781,M,0.66,0.515,0.2,1.6465,0.749,0.422,0.401,11
124,125,I,0.44,0.34,0.105,0.344,0.123,0.081,0.125,8
705,706,F,0.61,0.485,0.17,1.1005,0.5125,0.229,0.305,11
306,307,M,0.68,0.53,0.205,1.496,0.5825,0.337,0.465,14
1195,1196,F,0.745,0.585,0.19,1.966,0.8435,0.437,0.5855,18
330,331,I,0.475,0.35,0.125,0.4225,0.1905,0.079,0.1355,9
853,854,F,0.605,0.495,0.17,1.0915,0.4365,0.2715,0.335,13
659,660,M,0.62,0.49,0.16,1.035,0.44,0.2525,0.285,11
320,321,M,0.635,0.5,0.165,1.273,0.6535,0.213,0.365,12
387,388,M,0.54,0.455,0.14,0.972,0.419,0.255,0.269,10
748,749,I,0.39,0.3,0.095,0.3265,0.1665,0.0575,0.089,7
104,105,I,0.4,0.315,0.1,0.3225,0.143,0.0735,0.091,6
240,241,M,0.595,0.47,0.165,1.108,0.4915,0.2325,0.3345,9
902,903,I,0.51,0.405,0.13,0.599,0.3065,0.1155,0.1485,8
710,711,F,0.595,0.47,0.165,1.0155,0.491,0.1905,0.289,9
1237,1238,F,0.515,0.425,0.14,0.766,0.304,0.1725,0.255,14
257,258,F,0.575,0.45,0.17,1.0475,0.3775,0.1705,0.385,18
508,509,M,0.44,0.365,0.125,0.516,0.2155,0.114,0.155,10
48,49,M,0.49,0.395,0.135,0.5545,0.213,0.0925,0.215,14
133,134,M,0.53,0.425,0.155,0.7905,0.307,0.171,0.2595,9
591,592,I,0.255,0.185,0.06,0.0925,0.039,0.021,0.025,6
609,610,F,0.64,0.54,0.175,1.571,0.627,0.271,0.475,18
67,68,I,0.51,0.4,0.125,0.5575,0.2615,0.1195,0.1525,9
347,348,M,0.695,0.55,0.215,1.9565,0.7125,0.541,0.59,14
373,374,M,0.71,0.575,0.215,2.009,0.9895,0.4475,0.502,11
614,615,M,0.615,0.47,0.16,1.0175,0.473,0.2395,0.28,10
966,967,M,0.515,0.385,0.13,0.623,0.2855,0.1285,0.175,10
238,239,I,0.51,0.4,0.145,0.5775,0.231,0.143,0.177,9
128,129,M,0.64,0.525,0.185,1.707,0.763,0.4205,0.4435,11
304,305,M,0.37,0.28,0.1,0.252,0.1065,0.0595,0.074,8
611,612,M,0.515,0.385,0.11,0.5785,0.253,0.16,0.14,8
998,999,F,0.53,0.425,0.17,0.949,0.3485,0.2395,0.278,17
519,520,F,0.63,0.5,0.155,1.005,0.367,0.199,0.36,16
895,896,M,0.245,0.18,0.065,0.0635,0.0245,0.0135,0.02,4
186,187,M,0.56,0.415,0.13,0.7615,0.3695,0.17,0.1955,8
285,286,I,0.13,0.1,0.03,0.013,0.0045,0.003,0.004,3
522,523,F,0.505,0.4,0.165,0.729,0.2675,0.155,0.25,9
1107,1108,F,0.66,0.52,0.18,1.514,0.526,0.2975,0.42,19
102,103,F,0.675,0.57,0.225,1.587,0.739,0.2995,0.435,10
1146,1147,M,0.455,0.35,0.12,0.4835,0.1815,0.144,0.16,11
1044,1045,F,0.47,0.355,0.13,0.5465,0.2005,0.126,0.185,14
936,937,I,0.42,0.325,0.115,0.354,0.1625,0.064,0.105,8
664,665,F,0.56,0.41,0.16,0.8215,0.342,0.184,0.253,9
836,837,F,0.42,0.33,0.125,0.463,0.186,0.11,0.145,10
672,673,M,0.44,0.35,0.14,0.451,0.171,0.0705,0.184,16
1109,1110,M,0.585,0.49,0.185,1.171,0.522,0.2535,0.335,10
979,980,I,0.475,0.35,0.115,0.498,0.2375,0.099,0.14,7
1132,1133,I,0.41,0.325,0.105,0.361,0.1605,0.0665,0.103,8
378,379,M,0.695,0.57,0.23,1.885,0.8665,0.435,0.5,19
568,569,I,0.365,0.27,0.075,0.2215,0.095,0.0445,0.07,6
859,860,M,0.6,0.495,0.175,1.29,0.606,0.276,0.3445,11
1115,1116,I,0.515,0.385,0.125,0.6115,0.3175,0.1265,0.15,8
727,728,M,0.74,0.535,0.185,1.65,0.734,0.4505,0.335,13
1233,1234,M,0.57,0.45,0.155,0.91,0.326,0.1895,0.355,14
19,20,M,0.345,0.255,0.08,0.169,0.06,0.0425,0.054,10
891,892,I,0.425,0.315,0.095,0.3675,0.1865,0.0675,0.0985,7
975,976,M,0.565,0.44,0.115,0.9185,0.404,0.1785,0.29,11
404,405,I,0.495,0.37,0.125,0.4775,0.185,0.0705,0.169,18
851,852,F,0.68,0.5,0.185,1.741,0.7665,0.3255,0.4685,12
165,166,F,0.6,0.45,0.15,0.9625,0.4375,0.2225,0.2775,9
1049,1050,F,0.635,0.525,0.18,1.3695,0.634,0.318,0.363,11
724,725,I,0.48,0.37,0.125,0.474,0.179,0.1035,0.175,9
369,370,I,0.29,0.215,0.06,0.1115,0.053,0.0185,0.032,5
554,555,M,0.53,0.42,0.135,0.675,0.294,0.156,0.1825,10
753,754,I,0.5,0.38,0.125,0.519,0.2485,0.1135,0.134,8
1194,1195,F,0.62,0.5,0.15,1.293,0.596,0.3135,0.354,10
595,596,I,0.32,0.235,0.09,0.183,0.098,0.0335,0.042,7
1178,1179,I,0.52,0.38,0.115,0.6645,0.3285,0.17,0.1425,7
71,72,M,0.58,0.44,0.15,1.0465,0.518,0.2185,0.2795,10
648,649,I,0.375,0.28,0.085,0.3155,0.187,0.046,0.067,7
194,195,F,0.53,0.42,0.13,1.001,0.34,0.226,0.265,17
1062,1063,M,0.55,0.435,0.14,0.7625,0.327,0.1685,0.259,10
547,548,F,0.52,0.405,0.115,0.776,0.32,0.1845,0.22,8
1119,1120,F,0.59,0.485,0.205,1.2315,0.4525,0.238,0.42,13
921,922,F,0.525,0.415,0.15,0.7155,0.2355,0.171,0.27,13
597,598,I,0.285,0.22,0.065,0.096,0.0405,0.0205,0.03,5
594,595,M,0.53,0.41,0.155,0.7155,0.2805,0.1685,0.214,11
153,154,I,0.485,0.37,0.13,0.458,0.181,0.113,0.136,10
1077,1078,I,0.53,0.42,0.155,0.81,0.4725,0.111,0.192,10
920,921,F,0.575,0.445,0.135,0.883,0.381,0.2035,0.26,11
1225,1226,M,0.445,0.35,0.115,0.3615,0.1565,0.0695,0.117,8
148,149,I,0.435,0.34,0.11,0.407,0.1685,0.073,0.13,10
56,57,F,0.595,0.465,0.155,1.026,0.4645,0.112,0.305,12
4,5,I,0.31,0.235,0.09,0.127,0.048,0.031,0.04,6
716,717,M,0.515,0.395,0.135,1.007,0.472,0.2495,0.252,8
357,358,F,0.64,0.505,0.165,1.2235,0.5215,0.2695,0.36,10
311,312,M,0.555,0.435,0.145,0.9205,0.404,0.2275,0.255,8
867,868,I,0.375,0.29,0.1,0.219,0.0925,0.038,0.075,6
1117,1118,F,0.475,0.39,0.12,0.5305,0.2135,0.1155,0.17,10
24,25,I,0.28,0.21,0.075,0.1195,0.053,0.0265,0.03,6
1244,1245,M,0.615,0.485,0.215,0.9615,0.422,0.176,0.29,11
835,836,M,0.48,0.375,0.12,0.5895,0.2535,0.128,0.172,11
690,691,M,0.615,0.505,0.19,1.403,0.6715,0.2925,0.365,8
155,156,I,0.35,0.235,0.08,0.17,0.0725,0.0465,0.0495,7
389,390,I,0.32,0.215,0.095,0.305,0.14,0.067,0.0885,6
881,882,M,0.505,0.385,0.145,0.6775,0.236,0.179,0.2,15
199,200,F,0.645,0.51,0.19,1.363,0.573,0.362,0.36,10
473,474,F,0.645,0.525,0.2,1.449,0.601,0.2565,0.505,13
719,720,F,0.52,0.375,0.135,0.5375,0.221,0.117,0.17,8
893,894,M,0.58,0.455,0.17,0.93,0.408,0.259,0.22,9
349,350,I,0.53,0.38,0.125,0.616,0.292,0.113,0.185,8
565,566,I,0.185,0.13,0.045,0.029,0.012,0.0075,0.0095,4
27,28,I,0.47,0.37,0.11,0.5555,0.25,0.115,0.163,8
557,558,I,0.53,0.42,0.13,0.8365,0.3745,0.167,0.249,11
1156,1157,M,0.625,0.515,0.17,1.331,0.5725,0.3005,0.361,9
693,694,M,0.635,0.48,0.145,1.181,0.665,0.229,0.225,10
831,832,M,0.7,0.555,0.2,1.858,0.73,0.3665,0.595,11
704,705,I,0.255,0.19,0.07,0.0815,0.028,0.016,0.031,5
420,421,I,0.335,0.24,0.095,0.17,0.062,0.039,0.055,9
115,116,M,0.37,0.265,0.075,0.214,0.09,0.051,0.07,6
414,415,M,0.26,0.19,0.075,0.0945,0.0445,0.02,0.03,6
925,926,I,0.55,0.445,0.125,0.672,0.288,0.1365,0.21,11
1227,1228,I,0.435,0.315,0.11,0.3685,0.1615,0.0715,0.12,7
109,110,M,0.545,0.425,0.135,0.8445,0.373,0.21,0.235,10
907,908,M,0.57,0.48,0.175,1.185,0.474,0.261,0.38,11
1040,1041,F,0.44,0.34,0.14,0.482,0.186,0.1085,0.16,9
811,812,I,0.465,0.325,0.14,0.7615,0.362,0.1535,0.209,10
121,122,F,0.605,0.475,0.175,1.382,0.609,0.2325,0.3985,10
556,557,I,0.405,0.3,0.11,0.32,0.172,0.044,0.093,7
315,316,M,0.72,0.57,0.2,1.8275,0.919,0.366,0.485,10
119,120,I,0.375,0.28,0.08,0.2165,0.0935,0.0925,0.07,7
733,734,M,0.59,0.45,0.16,0.998,0.445,0.214,0.301,9
931,932,I,0.44,0.335,0.115,0.4215,0.173,0.0765,0.113,7
1198,1199,M,0.62,0.475,0.185,1.325,0.6045,0.325,0.33,13
1221,1222,M,0.635,0.495,0.155,1.3635,0.583,0.2985,0.295,10
276,277,I,0.455,0.37,0.11,0.514,0.2385,0.1235,0.126,8
813,814,I,0.415,0.315,0.1,0.3645,0.1765,0.0795,0.095,8
641,642,I,0.255,0.185,0.06,0.088,0.0365,0.021,0.023,5
31,32,I,0.24,0.175,0.055,0.0705,0.025,0.014,0.021,5
924,925,I,0.385,0.285,0.085,0.244,0.1215,0.0445,0.068,8
1018,1019,M,0.32,0.24,0.085,0.17,0.0655,0.047,0.049,7
974,975,F,0.495,0.385,0.13,0.6905,0.3125,0.179,0.175,10
483,484,I,0.62,0.49,0.16,1.066,0.446,0.246,0.305,11
1087,1088,I,0.45,0.35,0.125,0.4775,0.2235,0.089,0.118,6
660,661,F,0.505,0.375,0.115,0.5895,0.2635,0.12,0.167,10
453,454,I,0.36,0.285,0.105,0.2415,0.0915,0.057,0.075,7
983,984,M,0.64,0.5,0.175,1.273,0.5065,0.2925,0.405,13
762,763,F,0.7,0.585,0.185,1.8075,0.7055,0.3215,0.475,29
422,423,F,0.615,0.5,0.175,1.377,0.5585,0.33,0.292,12
606,607,F,0.55,0.43,0.125,0.923,0.4035,0.175,0.283,8
314,315,M,0.69,0.525,0.2,1.7825,0.9165,0.3325,0.461,12
135,136,M,0.55,0.425,0.155,0.9175,0.2775,0.243,0.335,13
1051,1052,M,0.68,0.52,0.195,1.4535,0.592,0.391,0.4125,10
1212,1213,M,0.46,0.345,0.12,0.4935,0.2435,0.1175,0.132,8
452,453,I,0.375,0.28,0.08,0.2235,0.115,0.043,0.055,6
433,434,I,0.395,0.305,0.105,0.284,0.1135,0.0595,0.0945,8
602,603,M,0.475,0.375,0.12,0.563,0.2525,0.1205,0.185,10
282,283,F,0.695,0.55,0.185,1.679,0.805,0.4015,0.3965,10
756,757,M,0.45,0.355,0.12,0.3955,0.147,0.0765,0.145,9
703,704,F,0.56,0.44,0.155,0.9705,0.4315,0.263,0.255,9
411,412,I,0.48,0.355,0.115,0.5785,0.25,0.106,0.184,8
914,915,M,0.195,0.145,0.05,0.032,0.01,0.008,0.012,4
860,861,M,0.45,0.335,0.14,0.478,0.1865,0.115,0.16,11
152,153,I,0.485,0.375,0.14,0.521,0.2,0.123,0.17,8
6,7,I,0.565,0.44,0.135,0.768,0.3305,0.1385,0.2475,9
1136,1137,M,0.485,0.37,0.155,0.968,0.419,0.2455,0.2365,9
980,981,M,0.66,0.51,0.18,1.261,0.5,0.2335,0.339,10
351,352,I,0.41,0.31,0.11,0.315,0.124,0.082,0.095,9
712,713,I,0.57,0.435,0.17,0.848,0.4,0.166,0.25,9
926,927,I,0.54,0.43,0.17,0.836,0.3725,0.1815,0.24,9
877,878,I,0.475,0.36,0.11,0.452,0.191,0.099,0.13,8
566,567,F,0.37,0.295,0.1,0.2685,0.1165,0.056,0.0835,7
751,752,M,0.61,0.475,0.17,1.0265,0.435,0.2335,0.3035,10
1022,1023,F,0.64,0.505,0.175,1.3185,0.6185,0.302,0.3315,9
621,622,M,0.59,0.405,0.15,0.853,0.326,0.2615,0.245,9
1041,1042,I,0.315,0.21,0.06,0.125,0.06,0.0375,0.035,5
694,695,I,0.62,0.485,0.18,1.154,0.4935,0.256,0.315,12
742,743,M,0.575,0.435,0.14,0.8455,0.401,0.191,0.222,9
46,47,I,0.24,0.185,0.07,0.0715,0.026,0.018,0.025,6
174,175,F,0.65,0.525,0.165,1.238,0.647,0.2485,0.3005,9
143,144,F,0.375,0.295,0.11,0.3005,0.1255,0.0575,0.1035,7
868,869,I,0.445,0.345,0.13,0.4075,0.1365,0.0645,0.18,11
89,90,M,0.385,0.295,0.095,0.335,0.147,0.094,0.09,7
146,147,F,0.575,0.45,0.16,0.9775,0.3135,0.231,0.33,12
326,327,I,0.525,0.405,0.145,0.6965,0.3045,0.1535,0.21,8
1169,1170,I,0.45,0.33,0.105,0.3715,0.1865,0.0785,0.0975,7
1004,1005,I,0.485,0.345,0.16,0.869,0.3085,0.185,0.319,9
535,536,M,0.475,0.385,0.12,0.562,0.289,0.0905,0.153,8
1026,1027,I,0.42,0.32,0.115,0.409,0.2055,0.0935,0.105,8
191,192,M,0.6,0.495,0.175,1.3005,0.6195,0.284,0.3285,11
793,794,M,0.64,0.52,0.2,1.407,0.566,0.304,0.455,17
1185,1186,I,0.415,0.325,0.1,0.385,0.167,0.08,0.125,7
28,29,I,0.395,0.3,0.09,0.253,0.1155,0.05,0.075,6
531,532,F,0.68,0.57,0.205,1.842,0.625,0.408,0.65,20
646,647,I,0.475,0.375,0.11,0.494,0.211,0.109,0.1545,8
1079,1080,M,0.55,0.41,0.15,0.785,0.282,0.186,0.275,12
212,213,F,0.45,0.36,0.125,0.4995,0.2035,0.1,0.17,13
421,422,F,0.55,0.43,0.14,0.7135,0.2565,0.186,0.225,9
541,542,I,0.5,0.385,0.11,0.596,0.3015,0.104,0.151,8
224,225,I,0.45,0.335,0.105,0.447,0.2335,0.153,0.119,7
734,735,M,0.575,0.45,0.13,0.785,0.318,0.193,0.2265,9
75,76,I,0.53,0.395,0.13,0.575,0.247,0.115,0.183,9
809,810,F,0.74,0.575,0.22,2.012,0.8915,0.5265,0.471,12
564,565,F,0.64,0.54,0.175,1.221,0.51,0.259,0.39,15
372,373,I,0.59,0.45,0.16,0.893,0.2745,0.2185,0.345,14
65,66,F,0.53,0.41,0.13,0.6965,0.302,0.1935,0.2,10
484,485,I,0.61,0.46,0.17,1.278,0.41,0.257,0.37,17
561,562,M,0.5,0.39,0.135,0.7815,0.361,0.1575,0.2385,9
1001,1002,I,0.33,0.265,0.09,0.18,0.068,0.036,0.06,6
1102,1103,I,0.45,0.33,0.1,0.411,0.1945,0.1,0.098,6
299,300,F,0.45,0.36,0.125,0.5065,0.222,0.105,0.16,10
1251,1252,F,0.445,0.335,0.11,0.4355,0.2025,0.1095,0.1195,6
854,855,M,0.64,0.51,0.19,1.613,0.6215,0.361,0.47,14
807,808,F,0.4,0.335,0.115,0.4335,0.2105,0.1205,0.12,10
53,54,M,0.64,0.505,0.18,1.297,0.59,0.3125,0.363,11
1106,1107,F,0.65,0.505,0.165,1.16,0.4785,0.274,0.349,11
702,703,M,0.61,0.475,0.175,1.024,0.409,0.261,0.322,9
548,549,F,0.58,0.48,0.18,1.2495,0.4945,0.27,0.371,8
713,714,F,0.655,0.52,0.19,1.4545,0.6,0.3865,0.383,10
406,407,I,0.54,0.415,0.155,0.702,0.322,0.167,0.19,10
0,1,M,0.605,0.47,0.115,1.114,0.3925,0.291,0.31,15
982,983,M,0.51,0.415,0.145,0.751,0.3295,0.1835,0.203,8
223,224,M,0.495,0.395,0.125,0.5415,0.2375,0.1345,0.155,9
98,99,I,0.305,0.22,0.07,0.141,0.062,0.031,0.037,5
1021,1022,M,0.635,0.525,0.205,1.484,0.55,0.3115,0.43,20
160,161,M,0.735,0.555,0.22,2.333,1.2395,0.3645,0.6195,12
573,574,F,0.435,0.35,0.11,0.384,0.143,0.1005,0.125,13
39,40,M,0.58,0.465,0.16,1.0345,0.315,0.26,0.3635,12
337,338,F,0.585,0.45,0.16,0.9045,0.405,0.2215,0.2335,8
973,974,M,0.6,0.475,0.205,1.176,0.5255,0.2875,0.308,9
1174,1175,I,0.59,0.475,0.145,0.9745,0.4675,0.207,0.259,10
303,304,M,0.66,0.52,0.19,1.558,0.755,0.298,0.4,10
1168,1169,M,0.54,0.405,0.155,0.9715,0.3225,0.194,0.29,19
154,155,I,0.405,0.31,0.065,0.3205,0.1575,0.066,0.088,6
540,541,F,0.485,0.375,0.135,0.556,0.1925,0.1315,0.1685,10
245,246,M,0.45,0.36,0.16,0.567,0.174,0.1245,0.225,12
1167,1168,M,0.66,0.535,0.2,1.791,0.733,0.318,0.54,15
402,403,F,0.51,0.39,0.135,0.6335,0.231,0.179,0.2,9
171,172,I,0.455,0.335,0.135,0.501,0.274,0.0995,0.1065,7
239,240,M,0.62,0.495,0.18,1.2555,0.5765,0.254,0.355,12
1131,1132,F,0.55,0.415,0.135,0.775,0.302,0.179,0.26,23
449,450,I,0.46,0.35,0.1,0.471,0.252,0.077,0.123,8
549,550,I,0.575,0.45,0.145,0.872,0.4675,0.18,0.217,9
156,157,F,0.58,0.455,0.12,0.94,0.399,0.257,0.265,11
170,171,I,0.41,0.31,0.09,0.339,0.155,0.0695,0.09,7
62,63,M,0.63,0.485,0.16,1.243,0.623,0.275,0.3,10
682,683,M,0.47,0.37,0.105,0.4665,0.2025,0.1015,0.155,10
1031,1032,F,0.46,0.355,0.13,0.517,0.2205,0.114,0.165,9
1110,1111,I,0.325,0.24,0.075,0.1525,0.072,0.0645,0.043,6
491,492,M,0.255,0.195,0.065,0.08,0.0315,0.018,0.027,8
15,16,M,0.385,0.3,0.095,0.24,0.0885,0.059,0.085,9
643,644,F,0.525,0.4,0.115,0.6295,0.2555,0.144,0.18,11
1177,1178,I,0.32,0.255,0.1,0.1755,0.073,0.0415,0.065,7
308,309,I,0.465,0.355,0.12,0.4975,0.2375,0.099,0.14,8
555,556,I,0.525,0.39,0.105,0.567,0.2875,0.1075,0.16,8
676,677,I,0.545,0.43,0.14,0.687,0.2615,0.1405,0.25,9
735,736,F,0.64,0.525,0.215,1.779,0.4535,0.2855,0.55,22
523,524,F,0.55,0.47,0.15,0.897,0.377,0.184,0.29,9
1055,1056,F,0.525,0.44,0.125,0.7115,0.3205,0.159,0.1915,7
325,326,I,0.44,0.355,0.12,0.495,0.231,0.11,0.125,7
1246,1247,M,0.5,0.385,0.145,0.7615,0.246,0.195,0.204,14
885,886,I,0.55,0.435,0.125,0.741,0.348,0.1585,0.206,9
415,416,I,0.52,0.38,0.135,0.5395,0.2295,0.133,0.157,8
482,483,I,0.395,0.325,0.105,0.306,0.111,0.0735,0.095,8
298,299,M,0.575,0.48,0.15,0.9465,0.4355,0.2605,0.2505,9
607,608,I,0.47,0.355,0.12,0.4915,0.1765,0.1125,0.1325,9
1183,1184,F,0.65,0.475,0.165,1.3875,0.58,0.3485,0.3095,9
650,651,M,0.5,0.4,0.13,0.7715,0.37,0.16,0.211,8
81,82,I,0.425,0.325,0.1,0.398,0.1185,0.0645,0.0945,6
126,127,F,0.63,0.485,0.185,1.167,0.548,0.2485,0.34,10
50,51,I,0.51,0.38,0.115,0.5155,0.215,0.1135,0.166,8
1228,1229,M,0.685,0.55,0.19,1.885,0.89,0.41,0.4895,10
229,230,I,0.375,0.275,0.095,0.2465,0.11,0.0415,0.0775,6
900,901,M,0.63,0.455,0.15,1.1315,0.481,0.2745,0.305,9
63,64,I,0.57,0.445,0.145,0.7405,0.306,0.172,0.1825,12
361,362,F,0.565,0.455,0.15,0.8205,0.365,0.159,0.26,18
1137,1138,I,0.415,0.305,0.12,0.336,0.165,0.076,0.0805,7
262,263,I,0.53,0.425,0.13,0.7675,0.419,0.1205,0.21,9
1094,1095,F,0.565,0.455,0.13,1.058,0.439,0.2645,0.3,10
726,727,M,0.6,0.47,0.155,1.036,0.4375,0.196,0.325,20
243,244,F,0.695,0.535,0.175,1.361,0.5465,0.2815,0.465,10
578,579,F,0.635,0.5,0.165,1.4595,0.705,0.2645,0.39,9
884,885,I,0.515,0.395,0.125,0.5805,0.2365,0.1075,0.19,9
552,553,I,0.375,0.28,0.1,0.2565,0.1165,0.0585,0.0725,12
164,165,I,0.555,0.395,0.13,0.5585,0.222,0.1245,0.17,9
393,394,I,0.41,0.315,0.095,0.2805,0.114,0.0345,0.11,7
511,512,M,0.74,0.595,0.19,2.3235,1.1495,0.5115,0.505,11
964,965,F,0.62,0.505,0.16,1.3725,0.6285,0.275,0.3685,11
939,940,M,0.465,0.355,0.12,0.5315,0.2725,0.097,0.1395,8
497,498,F,0.615,0.455,0.135,1.059,0.4735,0.263,0.274,9
90,91,I,0.455,0.34,0.115,0.486,0.261,0.0655,0.1315,8
1153,1154,F,0.62,0.47,0.225,1.115,0.378,0.2145,0.36,15
1020,1021,F,0.62,0.48,0.165,1.0125,0.5325,0.4365,0.324,10
601,602,F,0.56,0.43,0.15,0.8825,0.3465,0.172,0.31,9
1250,1251,F,0.525,0.41,0.115,0.7745,0.416,0.163,0.18,7
818,819,F,0.615,0.46,0.15,1.0265,0.4935,0.201,0.2745,10
54,55,F,0.675,0.565,0.195,1.8375,0.7645,0.3615,0.553,12
886,887,I,0.56,0.425,0.14,0.9175,0.4005,0.1975,0.26,10
624,625,I,0.365,0.27,0.085,0.205,0.078,0.0485,0.07,7
1059,1060,F,0.61,0.49,0.17,1.137,0.4605,0.2825,0.344,12
1003,1004,I,0.5,0.4,0.12,0.616,0.261,0.143,0.1935,8
398,399,F,0.605,0.485,0.16,1.222,0.53,0.2575,0.28,13
730,731,M,0.615,0.45,0.15,1.198,0.707,0.2095,0.2505,7
32,33,I,0.55,0.415,0.135,0.8095,0.2985,0.2015,0.28,12
845,846,F,0.62,0.485,0.165,1.166,0.483,0.238,0.355,13
1197,1198,I,0.3,0.225,0.075,0.1345,0.057,0.028,0.044,5
259,260,M,0.56,0.42,0.15,0.8755,0.44,0.1965,0.2315,8
878,879,M,0.375,0.29,0.1,0.276,0.1175,0.0565,0.085,9
1072,1073,I,0.29,0.225,0.07,0.101,0.036,0.0235,0.035,8
1200,1201,F,0.52,0.4,0.125,0.6865,0.295,0.1715,0.185,9
251,252,M,0.55,0.45,0.15,1.0145,0.407,0.2015,0.2875,10
1209,1210,I,0.39,0.31,0.1,0.302,0.116,0.064,0.115,11
151,152,I,0.575,0.43,0.13,0.7425,0.2895,0.2005,0.22,8
327,328,F,0.71,0.54,0.205,1.5805,0.802,0.287,0.435,10
823,824,F,0.67,0.525,0.195,1.37,0.6065,0.2955,0.407,12
1076,1077,M,0.6,0.455,0.155,0.945,0.4365,0.2085,0.25,8
125,126,M,0.53,0.44,0.205,0.835,0.32,0.2175,0.245,14
989,990,F,0.52,0.425,0.15,0.813,0.385,0.2015,0.23,10
134,135,F,0.62,0.495,0.17,1.062,0.372,0.213,0.34,11
10,11,M,0.6,0.48,0.155,1.014,0.451,0.1885,0.325,11
1147,1148,F,0.65,0.505,0.175,1.2075,0.5105,0.262,0.39,10
405,406,I,0.5,0.375,0.14,0.559,0.2375,0.135,0.169,9
1017,1018,F,0.5,0.4,0.125,0.6675,0.261,0.1315,0.22,10
296,297,F,0.49,0.4,0.145,0.6635,0.21,0.1295,0.2515,13
1054,1055,M,0.6,0.46,0.15,1.247,0.5335,0.2735,0.29,9
129,130,I,0.485,0.365,0.14,0.4475,0.1895,0.0925,0.2305,8
1099,1100,I,0.275,0.195,0.065,0.106,0.054,0.02,0.028,6
5,6,M,0.54,0.415,0.13,0.8245,0.272,0.226,0.24,13
157,158,F,0.675,0.54,0.21,1.593,0.686,0.318,0.45,11
279,280,F,0.585,0.47,0.17,1.099,0.3975,0.2325,0.358,20
196,197,M,0.495,0.415,0.165,0.7485,0.264,0.134,0.285,13
892,893,I,0.435,0.34,0.115,0.3925,0.1825,0.078,0.1145,6
182,183,F,0.6,0.46,0.145,0.9325,0.3985,0.2245,0.248,8
419,420,M,0.615,0.48,0.19,1.36,0.5305,0.2375,0.47,18
396,397,I,0.505,0.385,0.125,0.596,0.245,0.097,0.21,9
29,30,M,0.35,0.255,0.085,0.2145,0.1,0.0465,0.06,13
111,112,I,0.65,0.52,0.15,1.238,0.5495,0.296,0.3305,10
1063,1064,I,0.55,0.425,0.13,0.664,0.2695,0.163,0.21,8
631,632,M,0.63,0.49,0.18,1.13,0.458,0.2765,0.315,12
1089,1090,M,0.645,0.52,0.175,1.561,0.709,0.3555,0.4,8
294,295,F,0.625,0.485,0.16,1.254,0.591,0.259,0.3485,9
1012,1013,I,0.285,0.205,0.07,0.106,0.039,0.0285,0.034,5
211,212,M,0.615,0.475,0.175,1.224,0.6035,0.261,0.311,9
1091,1092,M,0.425,0.335,0.1,0.4085,0.1755,0.092,0.135,9
1205,1206,F,0.5,0.385,0.13,0.768,0.2625,0.095,0.27,13
776,777,M,0.4,0.31,0.11,0.314,0.138,0.057,0.1,11
768,769,I,0.44,0.345,0.12,0.487,0.1965,0.108,0.16,14
345,346,M,0.52,0.425,0.155,0.7735,0.297,0.123,0.255,17
44,45,M,0.575,0.445,0.14,0.737,0.325,0.1405,0.237,10
457,458,M,0.36,0.295,0.1,0.2105,0.066,0.0525,0.075,9
874,875,I,0.54,0.42,0.14,0.7265,0.3205,0.1445,0.229,9
1090,1091,F,0.435,0.35,0.105,0.4195,0.194,0.1005,0.13,7
634,635,F,0.71,0.565,0.195,1.817,0.785,0.492,0.49,11
873,874,M,0.58,0.47,0.165,1.041,0.54,0.166,0.279,9
123,124,M,0.4,0.3,0.125,0.417,0.191,0.09,0.1175,9
954,955,M,0.77,0.6,0.215,2.1945,1.0515,0.482,0.584,10
114,115,F,0.585,0.46,0.165,1.058,0.486,0.25,0.294,9
258,259,F,0.615,0.475,0.175,1.194,0.559,0.259,0.3165,11
986,987,I,0.47,0.35,0.135,0.567,0.2315,0.1465,0.1525,11
1215,1216,M,0.69,0.505,0.2,1.872,0.893,0.4015,0.48,10
741,742,F,0.58,0.45,0.155,0.93,0.385,0.246,0.265,9
1190,1191,I,0.575,0.45,0.135,0.8245,0.3375,0.2115,0.239,11
738,739,M,0.63,0.51,0.19,1.4985,0.4125,0.3075,0.545,16
778,779,F,0.45,0.345,0.12,0.4165,0.1655,0.095,0.135,9
100,101,I,0.565,0.43,0.15,0.8215,0.332,0.1685,0.29,11
1226,1227,F,0.605,0.49,0.15,1.1345,0.4305,0.2525,0.35,10
722,723,F,0.615,0.515,0.17,1.14,0.4305,0.2245,0.42,16
1138,1139,I,0.605,0.485,0.15,1.238,0.6315,0.226,0.33,11
706,707,M,0.615,0.505,0.165,1.167,0.4895,0.2955,0.345,10
701,702,I,0.45,0.34,0.12,0.4925,0.241,0.1075,0.12,6
691,692,I,0.34,0.25,0.075,0.1785,0.0665,0.0455,0.045,5
1211,1212,I,0.56,0.445,0.165,0.832,0.3455,0.179,0.279,9
645,646,I,0.42,0.315,0.11,0.4025,0.1855,0.083,0.1015,8
1104,1105,M,0.59,0.475,0.16,0.9455,0.3815,0.184,0.27,19
1135,1136,M,0.625,0.5,0.18,1.3705,0.645,0.303,0.3705,12
355,356,F,0.565,0.45,0.165,0.887,0.37,0.239,0.249,11
582,583,M,0.385,0.275,0.115,0.2685,0.0975,0.0825,0.085,8
145,146,F,0.62,0.48,0.165,1.043,0.4835,0.221,0.31,10
1231,1232,F,0.65,0.51,0.175,1.35,0.575,0.3155,0.3885,10
544,545,M,0.335,0.265,0.105,0.222,0.0935,0.056,0.075,7
542,543,F,0.685,0.53,0.17,1.5105,0.7385,0.3525,0.3725,10
395,396,F,0.525,0.41,0.15,0.708,0.274,0.151,0.25,12
495,496,F,0.625,0.475,0.16,1.3335,0.605,0.2875,0.319,10
222,223,I,0.5,0.385,0.12,0.516,0.197,0.1305,0.165,8
658,659,F,0.655,0.545,0.165,1.6225,0.6555,0.299,0.513,12
446,447,F,0.65,0.545,0.175,1.5245,0.59,0.326,0.495,10
941,942,M,0.445,0.35,0.14,0.5905,0.2025,0.158,0.19,14
346,347,I,0.26,0.215,0.08,0.099,0.037,0.0255,0.045,5
569,570,M,0.555,0.43,0.165,0.7575,0.2735,0.1635,0.275,13
336,337,I,0.34,0.265,0.08,0.2015,0.09,0.0475,0.055,5
392,393,I,0.435,0.3,0.12,0.5965,0.259,0.139,0.1645,8
236,237,M,0.515,0.405,0.145,0.695,0.215,0.1635,0.234,15
841,842,F,0.675,0.51,0.185,1.473,0.6295,0.3025,0.4245,11
1186,1187,F,0.605,0.48,0.14,0.991,0.4735,0.2345,0.24,8
513,514,F,0.595,0.475,0.17,1.247,0.48,0.225,0.425,20
723,724,F,0.615,0.48,0.16,1.2525,0.585,0.2595,0.33,8
68,69,I,0.505,0.38,0.135,0.5385,0.2645,0.095,0.165,9
1071,1072,M,0.165,0.125,0.04,0.0245,0.0095,0.0045,0.008,4
96,97,M,0.37,0.28,0.105,0.224,0.0815,0.0575,0.075,8
188,189,F,0.695,0.55,0.155,1.8495,0.767,0.442,0.4175,10
524,525,F,0.695,0.56,0.22,1.834,0.8455,0.422,0.455,11
180,181,I,0.2,0.145,0.06,0.037,0.0125,0.0095,0.011,4
1006,1007,M,0.675,0.525,0.185,1.587,0.6935,0.336,0.395,13
947,948,M,0.45,0.35,0.13,0.46,0.174,0.111,0.135,8
310,311,I,0.385,0.28,0.095,0.257,0.119,0.059,0.07,7
572,573,F,0.625,0.485,0.135,1.3025,0.61,0.2675,0.3605,14
927,928,F,0.71,0.56,0.18,1.652,0.735,0.381,0.4525,11
1157,1158,F,0.62,0.465,0.14,1.011,0.479,0.2385,0.255,8
350,351,M,0.62,0.45,0.2,0.858,0.4285,0.1525,0.2405,8
1176,1177,M,0.35,0.265,0.11,0.2965,0.1365,0.063,0.085,7
1152,1153,M,0.495,0.375,0.155,0.976,0.45,0.2285,0.2475,9
1120,1121,I,0.375,0.245,0.1,0.394,0.166,0.091,0.1125,6
718,719,I,0.585,0.46,0.145,0.8465,0.339,0.167,0.295,10
883,884,I,0.615,0.46,0.19,1.066,0.4335,0.226,0.33,13
990,991,F,0.45,0.36,0.11,0.447,0.203,0.082,0.13,12
131,132,F,0.63,0.475,0.155,1.0005,0.452,0.252,0.265,10
516,517,I,0.275,0.22,0.08,0.1365,0.0565,0.0285,0.042,6
1234,1235,F,0.49,0.385,0.15,0.7865,0.241,0.14,0.24,23
838,839,I,0.55,0.43,0.145,0.7895,0.3745,0.171,0.223,11
51,52,M,0.38,0.27,0.095,0.219,0.0835,0.0515,0.07,6
550,551,M,0.58,0.44,0.175,1.2255,0.5405,0.2705,0.3265,10
108,109,M,0.45,0.325,0.115,0.4305,0.2235,0.0785,0.1155,8
775,776,I,0.365,0.265,0.135,0.2215,0.105,0.047,0.0605,7
474,475,I,0.53,0.43,0.14,0.677,0.298,0.0965,0.23,8
168,169,M,0.585,0.46,0.145,0.9335,0.478,0.1825,0.235,9
1092,1093,I,0.535,0.45,0.17,0.781,0.3055,0.1555,0.295,11
206,207,I,0.2,0.15,0.04,0.046,0.021,0.007,0.0065,4
603,604,F,0.675,0.53,0.175,1.4465,0.6775,0.33,0.389,10
526,527,I,0.36,0.27,0.085,0.196,0.0875,0.035,0.064,4
604,605,M,0.61,0.475,0.165,1.116,0.428,0.2205,0.315,15
623,624,F,0.525,0.4,0.135,0.714,0.318,0.138,0.208,10
319,320,M,0.53,0.415,0.175,0.7395,0.261,0.1395,0.2645,17
328,329,F,0.535,0.405,0.145,0.6845,0.2725,0.171,0.205,10
291,292,M,0.555,0.435,0.145,0.9685,0.4985,0.168,0.2385,9
1230,1231,M,0.685,0.51,0.165,1.545,0.686,0.3775,0.4055,10
37,38,M,0.5,0.405,0.14,0.6155,0.241,0.1355,0.205,9
796,797,F,0.455,0.35,0.125,0.4485,0.1585,0.102,0.1335,16
627,628,F,0.53,0.415,0.115,0.5915,0.233,0.1585,0.18,11
695,696,M,0.61,0.45,0.19,1.0805,0.517,0.2495,0.2935,10
917,918,F,0.68,0.55,0.175,1.798,0.815,0.3925,0.455,19
1239,1240,M,0.655,0.52,0.18,1.492,0.7185,0.36,0.355,11
281,282,M,0.6,0.45,0.145,0.877,0.4325,0.155,0.24,9
244,245,F,0.565,0.46,0.15,0.8765,0.3455,0.1925,0.275,10
1130,1131,M,0.32,0.245,0.075,0.1555,0.0585,0.038,0.049,11
987,988,I,0.635,0.5,0.18,1.319,0.5485,0.292,0.49,16
1085,1086,M,0.505,0.41,0.125,0.642,0.289,0.133,0.155,9
429,430,F,0.57,0.46,0.135,0.9795,0.397,0.2525,0.2655,9
455,456,I,0.375,0.29,0.095,0.2875,0.123,0.0605,0.08,6
76,77,M,0.645,0.51,0.155,1.539,0.6405,0.3585,0.43,11
1245,1246,F,0.38,0.325,0.11,0.3105,0.12,0.074,0.105,10
8,9,M,0.63,0.495,0.175,1.2695,0.605,0.271,0.328,11
407,408,I,0.395,0.32,0.1,0.3075,0.149,0.0535,0.09,8
472,473,M,0.46,0.35,0.125,0.5165,0.1885,0.1145,0.185,9
731,732,I,0.415,0.31,0.11,0.2965,0.123,0.057,0.0995,10
870,871,M,0.635,0.5,0.18,1.154,0.4405,0.2315,0.387,9
87,88,I,0.415,0.325,0.115,0.3285,0.1405,0.051,0.106,12
52,53,F,0.655,0.54,0.175,1.5585,0.7285,0.402,0.385,11
80,81,F,0.66,0.5,0.175,1.3275,0.556,0.2805,0.4085,9
352,353,M,0.59,0.47,0.18,1.1235,0.4205,0.2805,0.36,13
416,417,I,0.625,0.46,0.16,1.2395,0.55,0.273,0.38,14
613,614,F,0.56,0.445,0.18,0.903,0.3575,0.2045,0.295,9
343,344,I,0.385,0.29,0.1,0.2575,0.1,0.061,0.086,6
18,19,M,0.66,0.485,0.155,1.2275,0.61,0.274,0.3,8
83,84,M,0.575,0.445,0.145,0.847,0.415,0.1945,0.22,9
1083,1084,F,0.635,0.495,0.195,1.297,0.556,0.2985,0.37,11
1039,1040,I,0.25,0.185,0.065,0.0685,0.0295,0.014,0.0225,5
1224,1225,M,0.585,0.465,0.19,1.171,0.3905,0.2355,0.4,17
478,479,I,0.525,0.415,0.12,0.596,0.2805,0.12,0.1695,9
388,389,F,0.595,0.455,0.16,1.04,0.452,0.2655,0.288,9
384,385,F,0.715,0.585,0.23,2.0725,0.8655,0.4095,0.565,10
166,167,I,0.39,0.315,0.09,0.3095,0.147,0.05,0.09,7
363,364,F,0.47,0.36,0.1,0.4705,0.1635,0.089,0.1385,8
287,288,M,0.345,0.27,0.09,0.195,0.078,0.0455,0.059,9
1170,1171,I,0.505,0.385,0.12,0.6005,0.239,0.142,0.185,7
390,391,M,0.72,0.55,0.205,2.165,1.1055,0.525,0.404,10
806,807,F,0.525,0.405,0.115,0.72,0.3105,0.1915,0.2,14
1127,1128,F,0.575,0.42,0.19,1.764,0.914,0.377,0.4095,10
888,889,M,0.485,0.4,0.135,0.663,0.313,0.137,0.2,10
949,950,I,0.56,0.44,0.155,0.811,0.3685,0.178,0.235,11
435,436,I,0.475,0.365,0.1,0.1315,0.2025,0.0875,0.123,7
872,873,I,0.315,0.23,0.07,0.164,0.0625,0.04,0.045,6
38,39,F,0.38,0.305,0.105,0.281,0.1045,0.0615,0.09,12
47,48,I,0.38,0.275,0.095,0.1375,0.086,0.0585,0.0605,7
788,789,I,0.255,0.19,0.075,0.0865,0.0345,0.0205,0.025,5
1208,1209,I,0.315,0.235,0.075,0.1485,0.0585,0.0375,0.0425,6
1068,1069,M,0.465,0.355,0.125,0.5255,0.2025,0.135,0.145,13
1248,1249,I,0.19,0.145,0.04,0.038,0.0165,0.0065,0.015,4
141,142,F,0.645,0.49,0.16,1.144,0.5015,0.289,0.319,8
385,386,F,0.565,0.445,0.155,0.826,0.341,0.2055,0.2475,10
140,141,I,0.44,0.345,0.13,0.4495,0.209,0.0835,0.134,6
711,712,I,0.325,0.24,0.07,0.152,0.0565,0.0305,0.054,8
1158,1159,M,0.645,0.495,0.15,1.2095,0.603,0.2225,0.339,9
204,205,F,0.515,0.425,0.135,0.712,0.2665,0.1605,0.25,11
805,806,I,0.42,0.315,0.115,0.355,0.1895,0.065,0.087,6
409,410,M,0.65,0.515,0.125,1.1805,0.5235,0.283,0.3275,9
1222,1223,M,0.52,0.41,0.115,0.77,0.263,0.157,0.26,11
1180,1181,I,0.335,0.26,0.1,0.192,0.0785,0.0585,0.07,8
1193,1194,M,0.64,0.565,0.23,1.521,0.644,0.372,0.406,15
312,313,F,0.78,0.63,0.215,2.657,1.488,0.4985,0.586,11
642,643,M,0.445,0.37,0.125,0.515,0.2495,0.087,0.159,9
1124,1125,I,0.31,0.225,0.075,0.155,0.065,0.037,0.0365,6
365,366,F,0.575,0.46,0.165,1.124,0.2985,0.1785,0.44,13
551,552,M,0.74,0.58,0.205,2.381,0.8155,0.4695,0.488,12
112,113,I,0.36,0.265,0.075,0.1785,0.0785,0.035,0.054,6
219,220,F,0.74,0.565,0.205,2.119,0.9655,0.5185,0.482,12
1179,1180,M,0.63,0.48,0.185,1.21,0.53,0.2555,0.322,11
653,654,I,0.52,0.39,0.13,0.5545,0.2355,0.1095,0.1895,7
755,756,M,0.645,0.485,0.155,1.489,0.5915,0.312,0.38,18
1133,1134,I,0.405,0.31,0.095,0.3425,0.1785,0.064,0.0855,8
1029,1030,M,0.57,0.43,0.12,1.0615,0.348,0.167,0.31,15
636,637,F,0.645,0.48,0.17,1.1345,0.528,0.254,0.305,10
905,906,M,0.51,0.38,0.135,0.681,0.3435,0.142,0.17,9
1103,1104,F,0.55,0.415,0.135,0.7635,0.318,0.21,0.2,9
971,972,M,0.76,0.575,0.19,1.829,0.7035,0.386,0.56,14
288,289,M,0.635,0.495,0.17,1.3695,0.657,0.3055,0.365,10
637,638,M,0.505,0.395,0.135,0.5915,0.288,0.1315,0.185,12
824,825,F,0.55,0.425,0.135,0.8515,0.362,0.196,0.27,14
1111,1112,I,0.425,0.31,0.105,0.365,0.159,0.0825,0.105,6
861,862,F,0.545,0.415,0.15,0.7335,0.2795,0.163,0.2185,11
205,206,I,0.34,0.26,0.085,0.1885,0.0815,0.0335,0.06,6
1015,1016,M,0.535,0.435,0.15,0.725,0.269,0.1385,0.25,9
600,601,F,0.535,0.435,0.16,0.8105,0.3155,0.1795,0.24,10
1214,1215,I,0.525,0.4,0.125,0.6965,0.369,0.1385,0.164,9
364,365,I,0.495,0.38,0.145,0.515,0.175,0.098,0.212,13
144,145,I,0.405,0.3,0.09,0.2885,0.138,0.0635,0.0765,6
60,61,I,0.575,0.45,0.125,0.78,0.3275,0.188,0.235,9
1128,1129,M,0.63,0.47,0.155,1.1325,0.589,0.211,0.287,8
442,443,I,0.445,0.33,0.1,0.437,0.163,0.0755,0.17,13
1172,1173,F,0.665,0.5,0.175,1.742,0.595,0.3025,0.725,21
1048,1049,F,0.58,0.45,0.235,1.071,0.3,0.206,0.395,14
825,826,I,0.595,0.47,0.135,0.9365,0.434,0.184,0.287,10
1053,1054,M,0.495,0.4,0.155,0.8085,0.2345,0.1155,0.35,6
403,404,M,0.44,0.375,0.13,0.487,0.226,0.0965,0.155,9
515,516,M,0.46,0.34,0.135,0.495,0.1655,0.117,0.185,10
383,384,F,0.655,0.51,0.175,1.6525,0.8515,0.3365,0.403,10
1002,1003,M,0.625,0.48,0.17,1.3555,0.671,0.268,0.3385,10
514,515,F,0.525,0.4,0.13,0.6995,0.3115,0.131,0.223,9
73,74,I,0.245,0.18,0.065,0.071,0.03,0.013,0.0215,4
984,985,F,0.47,0.36,0.11,0.4965,0.237,0.127,0.13,6
233,234,I,0.255,0.195,0.055,0.0725,0.0285,0.017,0.021,4
863,864,M,0.525,0.405,0.16,0.792,0.316,0.1455,0.28,13
773,774,F,0.715,0.565,0.24,2.1995,0.7245,0.465,0.885,17
1,2,I,0.43,0.315,0.095,0.378,0.175,0.08,0.1045,8
1206,1207,I,0.305,0.23,0.075,0.1455,0.0595,0.0305,0.05,6
512,513,F,0.57,0.465,0.155,0.872,0.3245,0.239,0.285,14
832,833,M,0.65,0.525,0.175,1.5365,0.6865,0.3585,0.405,11
829,830,I,0.4,0.315,0.09,0.33,0.151,0.068,0.08,6
301,302,M,0.56,0.46,0.235,0.8395,0.3325,0.157,0.305,12
587,588,I,0.45,0.35,0.14,0.474,0.21,0.109,0.1275,16
158,159,I,0.47,0.375,0.105,0.441,0.167,0.0865,0.145,10
492,493,I,0.575,0.475,0.17,0.967,0.3775,0.284,0.275,13
274,275,I,0.485,0.375,0.13,0.6025,0.2935,0.1285,0.16,7
110,111,I,0.295,0.23,0.08,0.1625,0.065,0.05,0.0385,5
1082,1083,M,0.725,0.565,0.215,1.891,0.6975,0.4725,0.58,16
95,96,I,0.42,0.305,0.09,0.328,0.168,0.0615,0.082,6
470,471,F,0.66,0.525,0.16,1.277,0.4975,0.319,0.394,13
965,966,I,0.32,0.25,0.08,0.1565,0.057,0.034,0.06,9
12,13,M,0.615,0.525,0.155,1.1375,0.367,0.236,0.37,20
626,627,F,0.41,0.32,0.115,0.387,0.165,0.1005,0.0985,11
1036,1037,I,0.38,0.28,0.095,0.2885,0.165,0.0435,0.067,7
448,449,F,0.68,0.55,0.2,1.596,0.525,0.4075,0.585,21
981,982,I,0.47,0.345,0.12,0.3685,0.1525,0.0615,0.125,8
481,482,M,0.645,0.52,0.175,1.636,0.779,0.342,0.432,11
593,594,M,0.335,0.265,0.095,0.1975,0.0795,0.0375,0.07,9
906,907,F,0.585,0.465,0.14,0.908,0.381,0.1615,0.315,13
209,210,M,0.545,0.41,0.14,0.625,0.223,0.16,0.235,13
803,804,M,0.605,0.475,0.15,1.15,0.575,0.232,0.297,10
792,793,M,0.735,0.59,0.225,1.756,0.637,0.3405,0.58,21
842,843,F,0.485,0.365,0.12,0.5885,0.27,0.131,0.175,9
432,433,I,0.38,0.29,0.085,0.2285,0.088,0.0465,0.075,7
709,710,M,0.59,0.44,0.15,0.9555,0.366,0.2425,0.295,11
904,905,F,0.69,0.53,0.17,1.5535,0.7945,0.3485,0.3695,9
1073,1074,I,0.375,0.29,0.14,0.3,0.14,0.0625,0.0825,8
460,461,I,0.36,0.26,0.08,0.1795,0.074,0.0315,0.06,5
307,308,I,0.595,0.475,0.155,0.984,0.4865,0.184,0.2755,10
865,866,M,0.65,0.495,0.17,1.276,0.6215,0.2305,0.399,11
728,729,F,0.49,0.375,0.135,0.6125,0.2555,0.102,0.22,11
1060,1061,M,0.645,0.515,0.185,1.4605,0.5835,0.3155,0.41,19
530,531,M,0.495,0.375,0.115,0.6245,0.282,0.143,0.155,6
1151,1152,F,0.53,0.395,0.145,0.775,0.308,0.169,0.255,7
1155,1156,F,0.49,0.36,0.11,0.5005,0.161,0.107,0.195,17
899,900,I,0.35,0.265,0.085,0.1735,0.0775,0.034,0.056,6
869,870,M,0.63,0.48,0.15,1.1785,0.5185,0.248,0.3235,8
195,196,F,0.625,0.49,0.155,1.33,0.6675,0.259,0.33,10
505,506,I,0.55,0.425,0.155,0.8725,0.412,0.187,0.2425,10
826,827,M,0.625,0.465,0.14,1.195,0.4825,0.205,0.4,13
588,589,F,0.655,0.505,0.175,1.2905,0.6205,0.2965,0.326,10
592,593,M,0.475,0.36,0.12,0.578,0.2825,0.12,0.17,8
424,425,M,0.665,0.515,0.2,1.2695,0.5115,0.2675,0.436,12
1123,1124,M,0.605,0.465,0.165,1.056,0.4215,0.2475,0.34,13
142,143,M,0.475,0.385,0.145,0.6175,0.235,0.108,0.215,14
7,8,M,0.595,0.49,0.185,1.185,0.482,0.2015,0.361,10
1236,1237,M,0.61,0.48,0.185,1.3065,0.6895,0.2915,0.29,10
801,802,I,0.605,0.435,0.13,0.9025,0.432,0.174,0.26,11
284,285,F,0.38,0.305,0.095,0.2815,0.1255,0.0525,0.09,8
988,989,M,0.575,0.475,0.16,1.114,0.4955,0.2745,0.29,9
820,821,I,0.625,0.43,0.175,1.411,0.572,0.297,0.395,12
651,652,I,0.505,0.405,0.13,0.599,0.2245,0.1175,0.225,11
1014,1015,F,0.66,0.525,0.19,1.67,0.6525,0.4875,0.49,11
697,698,F,0.53,0.385,0.125,0.6695,0.289,0.151,0.18,10
370,371,F,0.61,0.495,0.165,1.0835,0.4525,0.273,0.317,9
1024,1025,I,0.225,0.165,0.055,0.059,0.027,0.0125,0.015,4
494,495,I,0.43,0.34,0.105,0.4405,0.2385,0.0745,0.1075,6
1108,1109,M,0.76,0.605,0.215,2.173,0.801,0.4915,0.646,13
576,577,M,0.695,0.55,0.205,2.173,1.133,0.4665,0.496,10
533,534,M,0.525,0.405,0.135,0.7575,0.3305,0.216,0.195,10
822,823,I,0.515,0.4,0.135,0.6965,0.32,0.1255,0.175,9
640,641,I,0.35,0.26,0.085,0.174,0.0705,0.0345,0.06,10
3,4,M,0.535,0.405,0.175,1.2705,0.548,0.3265,0.337,13
1240,1241,F,0.64,0.475,0.19,1.151,0.4365,0.281,0.3805,13
136,137,M,0.7,0.55,0.2,1.523,0.693,0.306,0.4405,13
1105,1106,F,0.605,0.46,0.17,1.122,0.347,0.3045,0.315,13
318,319,F,0.55,0.41,0.145,0.8285,0.3095,0.1905,0.25,13
882,883,M,0.51,0.4,0.13,0.6435,0.27,0.1665,0.205,12
1160,1161,M,0.64,0.575,0.175,1.4585,0.625,0.266,0.4395,11
1007,1008,F,0.665,0.5,0.175,1.4355,0.643,0.345,0.37,9
766,767,F,0.625,0.49,0.145,0.92,0.437,0.1735,0.28,10
944,945,F,0.635,0.505,0.17,1.2635,0.512,0.322,0.355,9
241,242,F,0.595,0.47,0.25,1.283,0.462,0.2475,0.445,14
184,185,I,0.425,0.325,0.11,0.317,0.135,0.048,0.09,8
377,378,M,0.63,0.485,0.165,1.233,0.6565,0.2315,0.3035,10
228,229,I,0.42,0.32,0.11,0.309,0.115,0.0645,0.0945,6
214,215,F,0.66,0.535,0.205,1.4415,0.5925,0.2775,0.49,10
858,859,I,0.36,0.265,0.085,0.1895,0.0725,0.0515,0.055,6
147,148,M,0.645,0.5,0.18,1.461,0.5985,0.2425,0.439,11
791,792,F,0.4,0.31,0.115,0.3465,0.1475,0.0695,0.115,10
74,75,I,0.39,0.28,0.09,0.215,0.0845,0.034,0.079,8
688,689,M,0.59,0.5,0.165,1.1045,0.4565,0.2425,0.34,15
999,1000,F,0.605,0.465,0.155,1.1,0.547,0.2665,0.2585,10
994,995,M,0.64,0.485,0.16,1.006,0.456,0.2245,0.2835,9
620,621,I,0.375,0.285,0.09,0.257,0.1045,0.062,0.075,7
367,368,M,0.585,0.455,0.155,1.133,0.5515,0.223,0.305,12
1217,1218,I,0.62,0.485,0.18,1.1785,0.4675,0.2655,0.39,13
933,934,I,0.515,0.4,0.14,0.7165,0.3495,0.1595,0.1785,8
187,188,I,0.475,0.38,0.12,0.441,0.1785,0.0885,0.1505,8
536,537,I,0.54,0.43,0.14,0.8195,0.3935,0.1725,0.2295,9
36,37,F,0.655,0.51,0.16,1.092,0.396,0.2825,0.37,14
278,279,M,0.755,0.58,0.205,2.0065,0.8295,0.4015,0.595,10
562,563,M,0.64,0.585,0.195,1.647,0.7225,0.331,0.471,12
1066,1067,F,0.505,0.39,0.125,0.5445,0.246,0.15,0.1405,7
1219,1220,M,0.585,0.45,0.15,1.047,0.4315,0.276,0.315,14
105,106,M,0.61,0.47,0.175,1.214,0.5315,0.2835,0.325,10
543,544,I,0.34,0.245,0.085,0.2015,0.1005,0.038,0.053,6
92,93,I,0.155,0.105,0.05,0.0175,0.005,0.0035,0.005,4
1112,1113,I,0.205,0.15,0.055,0.042,0.0255,0.015,0.012,5
763,764,M,0.47,0.375,0.12,0.5565,0.226,0.122,0.195,12
960,961,M,0.425,0.325,0.12,0.3755,0.142,0.1065,0.105,9
667,668,I,0.55,0.425,0.135,0.656,0.257,0.17,0.203,10
1056,1057,F,0.495,0.4,0.155,0.6445,0.242,0.1325,0.205,17
1129,1130,I,0.53,0.405,0.12,0.632,0.2715,0.148,0.1875,9
749,750,M,0.665,0.515,0.19,1.6385,0.831,0.3575,0.371,11
956,957,M,0.48,0.375,0.115,0.6765,0.3205,0.1065,0.17,6
553,554,F,0.45,0.38,0.165,0.8165,0.25,0.1915,0.265,23
918,919,I,0.295,0.215,0.075,0.116,0.037,0.0295,0.04,8
477,478,M,0.6,0.475,0.15,0.99,0.386,0.2195,0.3105,10
175,176,I,0.535,0.455,0.14,1.0015,0.53,0.1765,0.244,9
332,333,I,0.44,0.345,0.115,0.545,0.269,0.111,0.1305,6
55,56,I,0.495,0.33,0.1,0.44,0.177,0.095,0.15,7
876,877,F,0.535,0.42,0.13,0.699,0.3125,0.1565,0.2035,8
79,80,M,0.63,0.505,0.155,1.105,0.492,0.226,0.325,11
316,317,M,0.625,0.495,0.155,1.177,0.5055,0.278,0.345,9
333,334,M,0.48,0.365,0.12,0.6015,0.312,0.117,0.14,7
444,445,M,0.33,0.25,0.09,0.197,0.085,0.041,0.0605,10
720,721,F,0.59,0.465,0.17,1.0425,0.4635,0.24,0.27,10
1113,1114,F,0.53,0.415,0.15,0.7775,0.237,0.1415,0.33,20
465,466,M,0.415,0.315,0.125,0.388,0.068,0.09,0.125,12
61,62,M,0.615,0.47,0.155,1.2,0.5085,0.32,0.292,8
510,511,I,0.37,0.275,0.1,0.22,0.094,0.045,0.065,7
1134,1135,M,0.61,0.48,0.14,1.031,0.4375,0.2615,0.27,8
1052,1053,I,0.435,0.33,0.11,0.413,0.2055,0.096,0.096,6
235,236,F,0.61,0.495,0.185,1.1085,0.3705,0.3135,0.33,12
649,650,F,0.525,0.41,0.135,0.7905,0.4065,0.198,0.177,8
1114,1115,I,0.385,0.305,0.095,0.252,0.0915,0.055,0.09,14
183,184,M,0.65,0.52,0.175,1.2655,0.615,0.2775,0.336,9
425,426,M,0.61,0.48,0.14,1.0625,0.516,0.225,0.2915,11
871,872,M,0.555,0.44,0.135,0.9025,0.3805,0.2105,0.28,13
1141,1142,F,0.725,0.56,0.21,2.141,0.65,0.398,1.005,18
545,546,F,0.53,0.44,0.135,0.7835,0.313,0.1715,0.2185,9
176,177,M,0.635,0.485,0.18,1.1795,0.4785,0.2775,0.355,10
781,782,M,0.64,0.5,0.185,1.3035,0.4445,0.2635,0.465,16
525,526,M,0.62,0.47,0.145,1.0865,0.511,0.2715,0.2565,10
839,840,M,0.31,0.22,0.085,0.146,0.061,0.0365,0.045,6
929,930,I,0.315,0.23,0.09,0.1285,0.043,0.04,0.04,7
837,838,I,0.435,0.34,0.11,0.3795,0.1495,0.085,0.12,8
1199,1200,F,0.625,0.475,0.175,1.1435,0.4755,0.2475,0.349,10
309,310,I,0.42,0.325,0.115,0.314,0.1295,0.0635,0.1,8
767,768,I,0.485,0.355,0.12,0.5085,0.21,0.122,0.135,9
1149,1150,M,0.63,0.465,0.15,1.027,0.537,0.188,0.176,8
1069,1070,F,0.465,0.36,0.12,0.4765,0.192,0.1125,0.16,10
9,10,I,0.525,0.4,0.14,0.654,0.305,0.16,0.169,7
150,151,M,0.465,0.36,0.105,0.488,0.188,0.0845,0.19,10
1243,1244,M,0.535,0.44,0.165,0.875,0.279,0.18,0.3,10
1030,1031,F,0.55,0.38,0.165,1.205,0.543,0.294,0.3345,10
866,867,I,0.37,0.28,0.09,0.233,0.0905,0.0545,0.07,11
977,978,M,0.6,0.47,0.16,1.012,0.441,0.2015,0.305,10
1125,1126,I,0.535,0.385,0.18,1.0835,0.4955,0.2295,0.304,8
521,522,I,0.575,0.45,0.145,0.795,0.364,0.1505,0.26,10
589,590,F,0.61,0.485,0.18,1.2795,0.5735,0.2855,0.355,7
666,667,I,0.435,0.33,0.095,0.393,0.219,0.075,0.0885,6
375,376,I,0.57,0.42,0.13,0.7745,0.3535,0.1505,0.2365,9
78,79,F,0.545,0.43,0.16,0.844,0.3945,0.1855,0.231,9
850,851,I,0.435,0.335,0.11,0.334,0.1355,0.0775,0.0965,7
833,834,F,0.58,0.435,0.155,0.8785,0.425,0.1685,0.2425,10
379,380,M,0.5,0.38,0.135,0.5835,0.2295,0.1265,0.18,12
399,400,F,0.7,0.56,0.175,1.6605,0.8605,0.3275,0.398,11
856,857,M,0.62,0.47,0.15,1.309,0.587,0.4405,0.325,9
668,669,F,0.565,0.505,0.21,1.2765,0.501,0.279,0.355,12
59,60,M,0.49,0.38,0.135,0.5415,0.2175,0.095,0.19,11
462,463,F,0.62,0.48,0.16,1.1125,0.5635,0.2445,0.281,8
437,438,F,0.625,0.49,0.155,1.2085,0.465,0.162,0.411,11
675,676,I,0.49,0.385,0.115,0.683,0.3265,0.1615,0.165,13
338,339,M,0.38,0.285,0.1,0.2665,0.115,0.061,0.075,11
1095,1096,I,0.455,0.35,0.105,0.4445,0.213,0.107,0.1115,7
445,446,M,0.525,0.4,0.17,0.7305,0.279,0.2055,0.195,11
1035,1036,M,0.54,0.42,0.19,0.6855,0.293,0.163,0.38,10
969,970,M,0.65,0.52,0.21,1.6785,0.6665,0.308,0.46,11
673,674,F,0.68,0.56,0.195,1.7775,0.861,0.322,0.415,11
1032,1033,M,0.5,0.38,0.155,0.66,0.2655,0.1365,0.215,19
25,26,M,0.68,0.515,0.17,1.6115,0.8415,0.306,0.395,11
22,23,I,0.585,0.42,0.145,0.6735,0.2895,0.1345,0.22,9
86,87,I,0.305,0.245,0.075,0.156,0.0675,0.038,0.045,7
221,222,I,0.515,0.36,0.125,0.4725,0.1815,0.125,0.138,9
598,599,F,0.625,0.49,0.175,1.1075,0.4485,0.2165,0.3595,8
915,916,I,0.465,0.355,0.09,0.4325,0.2005,0.074,0.1275,9
1247,1248,M,0.565,0.43,0.15,0.831,0.4245,0.1735,0.219,10
1011,1012,M,0.705,0.56,0.165,1.675,0.797,0.4095,0.388,10
500,501,F,0.655,0.53,0.165,1.2835,0.583,0.1255,0.4,8
317,318,M,0.735,0.57,0.21,2.2355,1.1705,0.463,0.5315,10
546,547,F,0.615,0.495,0.16,1.255,0.5815,0.3195,0.3225,12
559,560,I,0.6,0.48,0.17,0.9175,0.38,0.2225,0.29,8
431,432,M,0.485,0.39,0.085,0.6435,0.2945,0.103,0.198,8
356,357,M,0.6,0.495,0.165,1.2415,0.485,0.2775,0.34,15
539,540,M,0.295,0.23,0.085,0.125,0.042,0.0285,0.043,8
230,231,M,0.47,0.37,0.13,0.5225,0.201,0.133,0.165,7
782,783,F,0.58,0.445,0.145,0.888,0.41,0.1815,0.2425,8
571,572,M,0.67,0.525,0.2,1.7405,0.6205,0.297,0.657,11
20,21,M,0.155,0.11,0.04,0.0155,0.0065,0.003,0.005,3
138,139,I,0.535,0.39,0.125,0.599,0.2595,0.149,0.169,9
177,178,M,0.67,0.545,0.2,1.7025,0.833,0.374,0.41,11
84,85,F,0.515,0.395,0.165,0.7565,0.1905,0.17,0.3205,10
167,168,M,0.475,0.365,0.14,0.6175,0.202,0.1445,0.19,16
852,853,M,0.77,0.605,0.175,2.0505,0.8005,0.526,0.355,11
69,70,F,0.665,0.5,0.15,1.2475,0.4625,0.2955,0.3595,10
534,535,M,0.55,0.43,0.15,0.8745,0.413,0.1905,0.248,9
117,118,I,0.44,0.34,0.125,0.4895,0.1735,0.0875,0.2,13
408,409,F,0.535,0.425,0.135,0.771,0.3765,0.1815,0.1795,8
82,83,M,0.65,0.5,0.155,1.202,0.565,0.3135,0.294,11
1013,1014,I,0.18,0.13,0.045,0.0275,0.0125,0.01,0.009,3
864,865,M,0.65,0.51,0.16,1.3835,0.6385,0.2905,0.3665,9
520,521,I,0.53,0.42,0.13,0.658,0.296,0.1245,0.198,8
680,681,M,0.495,0.395,0.135,0.6335,0.3035,0.1295,0.1495,8
1027,1028,I,0.54,0.42,0.14,0.74,0.3595,0.159,0.1985,8
804,805,F,0.565,0.445,0.125,0.8305,0.3135,0.1785,0.23,11
1042,1043,M,0.335,0.255,0.075,0.1635,0.0615,0.0345,0.057,8
417,418,I,0.425,0.38,0.105,0.3265,0.1285,0.0785,0.1,10
628,629,M,0.61,0.48,0.15,1.2,0.56,0.2455,0.28,14
362,363,M,0.55,0.425,0.15,0.8315,0.411,0.1765,0.2165,10
283,284,F,0.545,0.44,0.135,0.9185,0.429,0.2015,0.2375,10
17,18,M,0.765,0.6,0.22,2.302,1.007,0.509,0.6205,12
286,287,M,0.485,0.37,0.14,0.5725,0.204,0.1415,0.175,10
630,631,I,0.295,0.225,0.08,0.124,0.0485,0.032,0.04,9
993,994,F,0.575,0.48,0.15,0.8745,0.375,0.193,0.29,12
674,675,I,0.5,0.375,0.12,0.529,0.2235,0.123,0.16,8
896,897,M,0.46,0.345,0.11,0.4595,0.235,0.0885,0.116,7
912,913,F,0.565,0.45,0.185,0.9285,0.302,0.1805,0.265,12
26,27,F,0.575,0.45,0.16,1.068,0.556,0.214,0.2575,10
16,17,I,0.58,0.435,0.15,0.8915,0.363,0.1925,0.2515,6
456,457,F,0.59,0.455,0.15,0.976,0.465,0.2055,0.2765,10
897,898,I,0.725,0.55,0.22,2.0495,0.7735,0.4405,0.655,10
